weighted_kappa,macro_f1,accuracy,auroc_crisis,config,horizon,n_features,type,domain,kappa_drop
0.6408817801637513,0.49376314891491535,0.7608938547486034,0.9255848458104703,Full multimodal,3,17,full,,
0.0479462373936822,0.12942885625364714,0.20446927374301677,0.4699039433124848,Climate only,3,2,single,Climate,
0.20188250067892521,0.2783576382823913,0.3340782122905028,0.8120595270071499,Conflict only,3,4,single,Conflict,
0.7932352982777073,0.6769896618908818,0.9039106145251397,0.948489441438676,Temporal only,3,10,single,Temporal,
0.6480417510931001,0.46873502602714956,0.7463687150837989,0.9266336671654963,Without Climate,3,15,loo,Climate,-0.007159970929348836
0.6326484076110366,0.4750057286546109,0.7687150837988826,0.9506414437921288,Without Conflict,3,13,loo,Conflict,0.008233372552714724
0.3439174443541255,0.3026393528955372,0.37094972067039106,0.8201015566043769,Without Temporal,3,7,loo,Temporal,0.2969643358096258
0.6848424162901091,0.6184510933715005,0.8335195530726257,0.9316987068800124,Without Vegetation,3,16,loo,Vegetation,-0.04396063612635781
0.5513578514881251,0.4270876217548675,0.6732186732186732,0.8855218855218855,Full multimodal,6,10,full,,
0.04869000695571524,0.1353571737438381,0.2076167076167076,0.562002601775329,Climate only,6,2,single,Climate,
0.02558871756183556,0.20839097952622837,0.33292383292383293,0.5194329660238751,Conflict only,6,3,single,Conflict,
0.643976837913695,0.47582530459373384,0.828009828009828,0.9236034588307317,Temporal only,6,5,single,Temporal,
0.5339711596831709,0.4140712963312805,0.6646191646191646,0.889692378328742,Without Climate,6,8,loo,Climate,0.017386691804954224
0.5583701264686074,0.43371336136962474,0.7100737100737101,0.925378787878788,Without Conflict,6,7,loo,Conflict,-0.0070122749804822915
0.11358207503323647,0.2305356453109383,0.371007371007371,0.5847490052035507,Without Temporal,6,5,loo,Temporal,0.43777577645488863
