horizon,model,weighted_kappa,kappa_on_changed_rows,n,n_changed
3,Ensemble (averaged),0.7907178727716102,0.3185185185185185,895,69
3,Logistic Regression,0.7527861843685449,0.3097773475314617,895,69
3,Random Forest,0.6792256287573161,0.1811518324607329,895,69
3,XGBoost,0.7861911229279385,0.2889263631253513,895,69
3,LSTM,0.6930564619331221,0.4140127388535032,895,69
3,Ensemble (XGBoost meta-learner),0.7647225129331938,0.1691297208538588,895,69
3,Persistence (naive),0.8353343554664465,0.0856269113149845,895,69
3,Climatology (naive),0.2749834302967817,0.2109275730622617,895,69
6,Ensemble (averaged),0.65339758435543,0.1584327086882454,814,104
6,Logistic Regression,0.6205110334629911,0.3123008285532185,814,104
6,Random Forest,0.5261181690412544,0.1241379310344827,814,104
6,XGBoost,0.5754322319767421,0.2335432169433314,814,104
6,LSTM,0.4933728950232124,0.3418803418803419,814,104
6,Ensemble (XGBoost meta-learner),0.4574334994565106,0.2404741744284505,814,104
6,Persistence (naive),0.7333920625239999,0.078239608801956,814,104
6,Climatology (naive),0.2740628493354862,0.1904271744724652,814,104
