horizon,bin_mean_predicted,bin_observed_frequency,ece
3,0.0005255844520029819,0.044444444444444446,0.03987472712846994
3,0.0013185103863393992,0.0898876404494382,0.03987472712846994
3,0.0031598564418446684,0.03333333333333333,0.03987472712846994
3,0.006980573575357708,0.011235955056179775,0.03987472712846994
3,0.013179606582141585,0.044444444444444446,0.03987472712846994
3,0.026651080279202943,0.0,0.03987472712846994
3,0.07546137407254637,0.06741573033707865,0.03987472712846994
3,0.37118928912613125,0.4888888888888889,0.03987472712846994
3,0.9201323095332371,0.8764044943820225,0.03987472712846994
3,0.9955585539340973,1.0,0.03987472712846994
6,0.0003506779907095223,0.024390243902439025,0.04528099156334758
6,0.0007755722524310796,0.07407407407407407,0.04528099156334758
6,0.0012862000234976963,0.04938271604938271,0.04528099156334758
6,0.002145851895542497,0.04878048780487805,0.04528099156334758
6,0.0038767720883091292,0.12345679012345678,0.04528099156334758
6,0.007605678574354561,0.06172839506172839,0.04528099156334758
6,0.029833833050982254,0.036585365853658534,0.04528099156334758
6,0.41447945684194565,0.3950617283950617,0.04528099156334758
6,0.9420209534374284,0.8888888888888888,0.04528099156334758
6,0.9922633643557386,1.0,0.04528099156334758
