state,horizon,rank,feature,label,shap_value,share,direction
Abia,3,1,ndvi_anom_roll12,12-month average vegetation stress,-0.19517,0.2494,lowers
Abia,3,2,ipc_phase_roll3,3-month average recent food insecurity level,0.18763,0.2398,raises
Abia,3,3,ipc_phase_lag1,"recent food insecurity level, 1 months earlier",0.16944,0.2165,raises
Abia,3,4,ipc_phase_roll12,12-month average recent food insecurity level,0.13459,0.172,raises
Abia,3,5,lean_season,lean season period,0.09577,0.1224,raises
Adamawa,3,1,ipc_phase_roll3,3-month average recent food insecurity level,0.58025,0.2947,raises
Adamawa,3,2,ipc_phase_roll6,6-month average recent food insecurity level,0.52745,0.2678,raises
Adamawa,3,3,ipc_phase_roll12,12-month average recent food insecurity level,0.40345,0.2049,raises
Adamawa,3,4,ipc_phase_lag1,"recent food insecurity level, 1 months earlier",0.26466,0.1344,raises
Adamawa,3,5,conflict_fatalities_log_roll6,6-month average conflict fatalities log,0.19344,0.0982,raises
Bauchi,3,1,ndvi_anom_roll12,12-month average vegetation stress,-0.23856,0.2736,lowers
Bauchi,3,2,ipc_phase_roll3,3-month average recent food insecurity level,0.18403,0.2111,raises
Bauchi,3,3,ipc_phase_lag1,"recent food insecurity level, 1 months earlier",0.17711,0.2031,raises
Bauchi,3,4,ipc_phase_roll12,12-month average recent food insecurity level,0.15199,0.1743,raises
Bauchi,3,5,spi_6,six-month rainfall deficit,0.12023,0.1379,raises
Benue,3,1,ipc_phase_roll3,3-month average recent food insecurity level,0.51876,0.2666,raises
Benue,3,2,ipc_phase_roll6,6-month average recent food insecurity level,0.44847,0.2305,raises
Benue,3,3,conflict_fatalities_log_roll6,6-month average conflict fatalities log,0.44541,0.2289,raises
Benue,3,4,ipc_phase_roll12,12-month average recent food insecurity level,-0.29785,0.1531,lowers
Benue,3,5,ipc_phase_lag1,"recent food insecurity level, 1 months earlier",0.23536,0.121,raises
Borno,3,1,conflict_fatalities_log_lag12,"conflict fatalities log, 12 months earlier",0.86071,0.2972,raises
Borno,3,2,ipc_phase_lag1,"recent food insecurity level, 1 months earlier",0.67662,0.2337,raises
Borno,3,3,ipc_phase_roll3,3-month average recent food insecurity level,0.5579,0.1927,raises
Borno,3,4,conflict_fatalities_log_roll6,6-month average conflict fatalities log,0.47221,0.1631,raises
Borno,3,5,ipc_phase_roll6,6-month average recent food insecurity level,0.3284,0.1134,raises
Cross River,3,1,ipc_phase_roll3,3-month average recent food insecurity level,0.20375,0.2684,raises
Cross River,3,2,ipc_phase_roll12,12-month average recent food insecurity level,0.17036,0.2244,raises
Cross River,3,3,ipc_phase_lag1,"recent food insecurity level, 1 months earlier",0.17031,0.2244,raises
Cross River,3,4,ndvi_anom_roll12,12-month average vegetation stress,0.10956,0.1443,raises
Cross River,3,5,ipc_phase_roll6,6-month average recent food insecurity level,0.10506,0.1384,raises
Edo,3,1,ndvi_anom_roll12,12-month average vegetation stress,0.31693,0.2958,raises
Edo,3,2,spi_6,six-month rainfall deficit,-0.21388,0.1996,lowers
Edo,3,3,ipc_phase_roll3,3-month average recent food insecurity level,0.20801,0.1942,raises
Edo,3,4,ipc_phase_roll12,12-month average recent food insecurity level,0.17463,0.163,raises
Edo,3,5,ipc_phase_lag1,"recent food insecurity level, 1 months earlier",0.15787,0.1474,raises
Ekiti,3,1,ipc_phase_roll12,12-month average recent food insecurity level,-0.45873,0.3246,lowers
Ekiti,3,2,ndvi_anom_roll12,12-month average vegetation stress,0.28093,0.1988,raises
Ekiti,3,3,conflict_fatalities_log_roll6,6-month average conflict fatalities log,0.23593,0.1669,raises
Ekiti,3,4,spi_6,six-month rainfall deficit,-0.22445,0.1588,lowers
Ekiti,3,5,ipc_phase_lag1,"recent food insecurity level, 1 months earlier",-0.21316,0.1508,lowers
Enugu,3,1,ndvi_anom_roll12,12-month average vegetation stress,0.29413,0.2712,raises
Enugu,3,2,ipc_phase_roll3,3-month average recent food insecurity level,0.22003,0.2028,raises
Enugu,3,3,ipc_phase_roll12,12-month average recent food insecurity level,0.19692,0.1815,raises
Enugu,3,4,ipc_phase_lag1,"recent food insecurity level, 1 months earlier",0.19212,0.1771,raises
Enugu,3,5,spi_6,six-month rainfall deficit,-0.18153,0.1673,lowers
Federal Capital Territory,3,1,ndvi_anom_roll12,12-month average vegetation stress,0.3327,0.2961,raises
Federal Capital Territory,3,2,spi_6,six-month rainfall deficit,-0.26373,0.2348,lowers
Federal Capital Territory,3,3,ipc_phase_roll3,3-month average recent food insecurity level,0.2042,0.1818,raises
Federal Capital Territory,3,4,ipc_phase_roll12,12-month average recent food insecurity level,0.16777,0.1493,raises
Federal Capital Territory,3,5,ipc_phase_lag1,"recent food insecurity level, 1 months earlier",0.15503,0.138,raises
Gombe,3,1,ndvi_anom_roll12,12-month average vegetation stress,-0.23823,0.2899,lowers
Gombe,3,2,ipc_phase_roll3,3-month average recent food insecurity level,0.17267,0.2101,raises
Gombe,3,3,ipc_phase_lag1,"recent food insecurity level, 1 months earlier",0.1616,0.1966,raises
Gombe,3,4,ipc_phase_roll12,12-month average recent food insecurity level,0.1361,0.1656,raises
Gombe,3,5,conflict_fatalities_log_roll3,3-month average conflict fatalities log,0.11324,0.1378,raises
Jigawa,3,1,ipc_phase_roll3,3-month average recent food insecurity level,0.1722,0.2461,raises
Jigawa,3,2,ipc_phase_roll12,12-month average recent food insecurity level,0.14147,0.2022,raises
Jigawa,3,3,ipc_phase_lag1,"recent food insecurity level, 1 months earlier",0.13974,0.1997,raises
Jigawa,3,4,ndvi_anom_roll12,12-month average vegetation stress,-0.12913,0.1845,lowers
Jigawa,3,5,conflict_fatalities_log_roll3,3-month average conflict fatalities log,0.1172,0.1675,raises
Kaduna,3,1,ndvi_anom_roll12,12-month average vegetation stress,0.43048,0.3975,raises
Kaduna,3,2,ipc_phase_roll3,3-month average recent food insecurity level,0.19942,0.1841,raises
Kaduna,3,3,ipc_phase_roll12,12-month average recent food insecurity level,0.18506,0.1709,raises
Kaduna,3,4,ipc_phase_lag1,"recent food insecurity level, 1 months earlier",0.15766,0.1456,raises
Kaduna,3,5,gs_rain_deviation_pct,growing-season rainfall shortfall,0.1104,0.1019,raises
Kano,3,1,ndvi_anom_roll12,12-month average vegetation stress,-0.2904,0.339,lowers
Kano,3,2,ipc_phase_roll3,3-month average recent food insecurity level,0.17386,0.203,raises
Kano,3,3,ipc_phase_lag1,"recent food insecurity level, 1 months earlier",0.15615,0.1823,raises
Kano,3,4,ipc_phase_roll12,12-month average recent food insecurity level,0.14215,0.166,raises
Kano,3,5,lean_season,lean season period,0.094,0.1097,raises
Katsina,3,1,ipc_phase_roll3,3-month average recent food insecurity level,0.52824,0.2991,raises
Katsina,3,2,ipc_phase_roll6,6-month average recent food insecurity level,0.48415,0.2741,raises
Katsina,3,3,ipc_phase_roll12,12-month average recent food insecurity level,0.34616,0.196,raises
Katsina,3,4,ipc_phase_lag1,"recent food insecurity level, 1 months earlier",0.24475,0.1386,raises
Katsina,3,5,conflict_fatalities_log_roll6,6-month average conflict fatalities log,0.16296,0.0923,raises
Kebbi,3,1,ndvi_anom_roll12,12-month average vegetation stress,-0.29525,0.2802,lowers
Kebbi,3,2,ipc_phase_roll3,3-month average recent food insecurity level,0.21092,0.2002,raises
Kebbi,3,3,ipc_phase_roll12,12-month average recent food insecurity level,0.19364,0.1838,raises
Kebbi,3,4,ipc_phase_lag1,"recent food insecurity level, 1 months earlier",0.18586,0.1764,raises
Kebbi,3,5,conflict_fatalities_log_roll6,6-month average conflict fatalities log,-0.1681,0.1595,lowers
Kogi,3,1,ndvi_anom_roll12,12-month average vegetation stress,0.33768,0.3004,raises
Kogi,3,2,spi_6,six-month rainfall deficit,-0.25823,0.2297,lowers
Kogi,3,3,ipc_phase_roll3,3-month average recent food insecurity level,0.2042,0.1816,raises
Kogi,3,4,ipc_phase_roll12,12-month average recent food insecurity level,0.16915,0.1504,raises
Kogi,3,5,ipc_phase_lag1,"recent food insecurity level, 1 months earlier",0.15503,0.1379,raises
Kwara,3,1,ndvi_anom_roll12,12-month average vegetation stress,0.33435,0.2999,raises
Kwara,3,2,spi_6,six-month rainfall deficit,-0.24321,0.2182,lowers
Kwara,3,3,ipc_phase_roll3,3-month average recent food insecurity level,0.20395,0.183,raises
Kwara,3,4,ipc_phase_roll12,12-month average recent food insecurity level,0.17736,0.1591,raises
Kwara,3,5,ipc_phase_lag1,"recent food insecurity level, 1 months earlier",0.15585,0.1398,raises
Lagos,3,1,ndvi_anom_roll12,12-month average vegetation stress,0.35232,0.272,raises
Lagos,3,2,ipc_phase_roll12,12-month average recent food insecurity level,0.26914,0.2078,raises
Lagos,3,3,ipc_phase_roll3,3-month average recent food insecurity level,0.24473,0.1889,raises
Lagos,3,4,conflict_fatalities_log_roll3,3-month average conflict fatalities log,-0.23773,0.1835,lowers
Lagos,3,5,ipc_phase_lag1,"recent food insecurity level, 1 months earlier",0.19133,0.1477,raises
Nasarawa,3,1,ndvi_anom_roll12,12-month average vegetation stress,0.3113,0.3122,raises
Nasarawa,3,2,ipc_phase_roll3,3-month average recent food insecurity level,0.2131,0.2137,raises
Nasarawa,3,3,ipc_phase_roll12,12-month average recent food insecurity level,0.17536,0.1758,raises
Nasarawa,3,4,ipc_phase_lag1,"recent food insecurity level, 1 months earlier",0.16984,0.1703,raises
Nasarawa,3,5,spi_6,six-month rainfall deficit,-0.12766,0.128,lowers
Niger,3,1,ndvi_anom_roll12,12-month average vegetation stress,0.35985,0.3167,raises
Niger,3,2,spi_6,six-month rainfall deficit,-0.21655,0.1906,lowers
Niger,3,3,ipc_phase_roll3,3-month average recent food insecurity level,0.20819,0.1833,raises
Niger,3,4,ipc_phase_roll12,12-month average recent food insecurity level,0.19109,0.1682,raises
Niger,3,5,ipc_phase_lag1,"recent food insecurity level, 1 months earlier",0.16039,0.1412,raises
Ogun,3,1,ndvi_anom_roll12,12-month average vegetation stress,0.30158,0.2788,raises
Ogun,3,2,ipc_phase_roll3,3-month average recent food insecurity level,0.2217,0.2049,raises
Ogun,3,3,ipc_phase_roll12,12-month average recent food insecurity level,0.21151,0.1955,raises
Ogun,3,4,ipc_phase_lag1,"recent food insecurity level, 1 months earlier",0.19289,0.1783,raises
Ogun,3,5,conflict_fatalities_log_roll6,6-month average conflict fatalities log,-0.15421,0.1425,lowers
Plateau,3,1,ndvi_anom_roll12,12-month average vegetation stress,0.3797,0.293,raises
Plateau,3,2,ipc_phase_roll12,12-month average recent food insecurity level,0.27531,0.2124,raises
Plateau,3,3,ipc_phase_roll3,3-month average recent food insecurity level,0.25348,0.1956,raises
Plateau,3,4,ipc_phase_lag1,"recent food insecurity level, 1 months earlier",0.19974,0.1541,raises
Plateau,3,5,conflict_fatalities_log_roll3,3-month average conflict fatalities log,-0.18763,0.1448,lowers
Rivers,3,1,ndvi_anom_roll12,12-month average vegetation stress,-0.23556,0.2955,lowers
Rivers,3,2,ipc_phase_roll3,3-month average recent food insecurity level,0.17454,0.219,raises
Rivers,3,3,ipc_phase_lag1,"recent food insecurity level, 1 months earlier",0.15813,0.1984,raises
Rivers,3,4,ipc_phase_roll12,12-month average recent food insecurity level,0.13287,0.1667,raises
Rivers,3,5,lean_season,lean season period,0.09604,0.1205,raises
Sokoto,3,1,ipc_phase_roll3,3-month average recent food insecurity level,0.52992,0.3064,raises
Sokoto,3,2,ipc_phase_roll6,6-month average recent food insecurity level,0.47728,0.276,raises
Sokoto,3,3,ipc_phase_roll12,12-month average recent food insecurity level,0.33589,0.1942,raises
Sokoto,3,4,ipc_phase_lag1,"recent food insecurity level, 1 months earlier",0.22976,0.1329,raises
Sokoto,3,5,is_conflict_state,location in a conflict-affected state,0.1566,0.0905,raises
Taraba,3,1,ndvi_anom_roll12,12-month average vegetation stress,0.36246,0.3391,raises
Taraba,3,2,ipc_phase_roll3,3-month average recent food insecurity level,0.21414,0.2004,raises
Taraba,3,3,ipc_phase_lag1,"recent food insecurity level, 1 months earlier",0.18082,0.1692,raises
Taraba,3,4,ipc_phase_roll12,12-month average recent food insecurity level,0.17371,0.1625,raises
Taraba,3,5,spi_6,six-month rainfall deficit,-0.13761,0.1288,lowers
Yobe,3,1,ipc_phase_roll3,3-month average recent food insecurity level,0.52843,0.3023,raises
Yobe,3,2,ipc_phase_roll6,6-month average recent food insecurity level,0.47939,0.2743,raises
Yobe,3,3,ipc_phase_roll12,12-month average recent food insecurity level,0.35367,0.2023,raises
Yobe,3,4,ipc_phase_lag1,"recent food insecurity level, 1 months earlier",0.23002,0.1316,raises
Yobe,3,5,is_conflict_state,location in a conflict-affected state,0.15631,0.0894,raises
Zamfara,3,1,ipc_phase_roll3,3-month average recent food insecurity level,0.53642,0.2911,raises
Zamfara,3,2,ipc_phase_roll6,6-month average recent food insecurity level,0.48113,0.2611,raises
Zamfara,3,3,ipc_phase_roll12,12-month average recent food insecurity level,0.33562,0.1821,raises
Zamfara,3,4,conflict_fatalities_log_roll6,6-month average conflict fatalities log,0.25114,0.1363,raises
Zamfara,3,5,ipc_phase_lag1,"recent food insecurity level, 1 months earlier",0.23866,0.1295,raises
Abia,6,1,ndvi_gs_integral,cumulative growing-season vegetation,-0.54553,0.3241,lowers
Abia,6,2,ipc_phase_lag1,"recent food insecurity level, 1 months earlier",-0.44617,0.2651,lowers
Abia,6,3,spi_6_roll6,6-month average six-month rainfall deficit,0.25882,0.1538,raises
Abia,6,4,ipc_phase_spatial_lag,food insecurity in neighbouring states,-0.25018,0.1486,lowers
Abia,6,5,infl_millet_yoy,millet price inflation,-0.18239,0.1084,lowers
Adamawa,6,1,ipc_phase_roll12,12-month average recent food insecurity level,1.59171,0.5144,raises
Adamawa,6,2,is_conflict_state,location in a conflict-affected state,0.46047,0.1488,raises
Adamawa,6,3,ipc_phase_roll6,6-month average recent food insecurity level,0.38709,0.1251,raises
Adamawa,6,4,ipc_phase_spatial_lag,food insecurity in neighbouring states,0.34673,0.1121,raises
Adamawa,6,5,conflict_intensity_spatial_lag,conflict intensity spatial lag,0.30817,0.0996,raises
Bauchi,6,1,conflict_intensity_spatial_lag,conflict intensity spatial lag,-0.49481,0.2875,lowers
Bauchi,6,2,ndvi_gs_integral,cumulative growing-season vegetation,0.36498,0.2121,raises
Bauchi,6,3,gs_rain_cum,cumulative growing-season rainfall,0.31755,0.1845,raises
Bauchi,6,4,ndvi_anom_roll12,12-month average vegetation stress,-0.30318,0.1762,lowers
Bauchi,6,5,spi_6_roll12,12-month average six-month rainfall deficit,0.24055,0.1398,raises
Benue,6,1,ndvi_gs_integral,cumulative growing-season vegetation,0.42549,0.255,raises
Benue,6,2,conflict_roll12,12-month average conflict,-0.38734,0.2321,lowers
Benue,6,3,gs_rain_cum,cumulative growing-season rainfall,0.36293,0.2175,raises
Benue,6,4,ndvi_anom_roll12,12-month average vegetation stress,-0.25852,0.1549,lowers
Benue,6,5,conflict_fatalities_log_roll12,12-month average conflict fatalities log,-0.23454,0.1405,lowers
Borno,6,1,conflict_fatalities_log_roll12,12-month average conflict fatalities log,1.07203,0.3446,raises
Borno,6,2,conflict_fatalities_log_lag12,"conflict fatalities log, 12 months earlier",0.60605,0.1948,raises
Borno,6,3,conflict_fatalities_log_lag9,"conflict fatalities log, 9 months earlier",0.5861,0.1884,raises
Borno,6,4,conflict_roll12,12-month average conflict,0.4396,0.1413,raises
Borno,6,5,ipc_phase_lag1,"recent food insecurity level, 1 months earlier",0.40673,0.1308,raises
Cross River,6,1,gs_rain_cum,cumulative growing-season rainfall,-0.5463,0.3505,lowers
Cross River,6,2,ndvi_anom_roll12,12-month average vegetation stress,0.29706,0.1906,raises
Cross River,6,3,rainfall_anom_roll12,12-month average rainfall below normal,0.28929,0.1856,raises
Cross River,6,4,spi_6_lag12,"six-month rainfall deficit, 12 months earlier",-0.22424,0.1439,lowers
Cross River,6,5,ndvi_gs_integral,cumulative growing-season vegetation,0.20154,0.1293,raises
Edo,6,1,ndvi_anom_roll12,12-month average vegetation stress,0.64177,0.3131,raises
Edo,6,2,ndvi_gs_integral,cumulative growing-season vegetation,0.4869,0.2376,raises
Edo,6,3,gs_rain_cum,cumulative growing-season rainfall,0.41801,0.2039,raises
Edo,6,4,ipc_phase_roll12,12-month average recent food insecurity level,0.26646,0.13,raises
Edo,6,5,spi_6_roll6,6-month average six-month rainfall deficit,-0.23649,0.1154,lowers
Ekiti,6,1,ipc_phase_roll12,12-month average recent food insecurity level,-0.74446,0.3024,lowers
Ekiti,6,2,ndvi_gs_integral,cumulative growing-season vegetation,0.57091,0.2319,raises
Ekiti,6,3,gs_rain_cum,cumulative growing-season rainfall,0.45201,0.1836,raises
Ekiti,6,4,ndvi_anom_roll12,12-month average vegetation stress,0.4457,0.1811,raises
Ekiti,6,5,neighbours_in_crisis_pct,neighbouring states in crisis,0.24842,0.1009,raises
Enugu,6,1,ndvi_anom_roll12,12-month average vegetation stress,0.35019,0.2377,raises
Enugu,6,2,conflict_roll12,12-month average conflict,0.34683,0.2354,raises
Enugu,6,3,ndvi_gs_integral,cumulative growing-season vegetation,0.28511,0.1935,raises
Enugu,6,4,ipc_phase_lag1,"recent food insecurity level, 1 months earlier",0.25096,0.1703,raises
Enugu,6,5,ndvi_anom_lag9,"vegetation stress, 9 months earlier",0.24047,0.1632,raises
Federal Capital Territory,6,1,ndvi_anom_roll12,12-month average vegetation stress,0.72634,0.3594,raises
Federal Capital Territory,6,2,ndvi_gs_integral,cumulative growing-season vegetation,0.37653,0.1863,raises
Federal Capital Territory,6,3,ipc_phase_roll12,12-month average recent food insecurity level,0.32697,0.1618,raises
Federal Capital Territory,6,4,gs_rain_cum,cumulative growing-season rainfall,0.2993,0.1481,raises
Federal Capital Territory,6,5,ndvi_anom_lag6,"vegetation stress, 6 months earlier",0.29178,0.1444,raises
Gombe,6,1,conflict_intensity_spatial_lag,conflict intensity spatial lag,-0.68777,0.424,lowers
Gombe,6,2,ndvi_anom_roll12,12-month average vegetation stress,-0.3422,0.2109,lowers
Gombe,6,3,rainfall_anom_roll12,12-month average rainfall below normal,-0.22639,0.1396,lowers
Gombe,6,4,ipc_phase_lag6,"recent food insecurity level, 6 months earlier",0.18846,0.1162,raises
Gombe,6,5,gs_rain_cum,cumulative growing-season rainfall,0.17739,0.1093,raises
Jigawa,6,1,ndvi_anom_roll12,12-month average vegetation stress,-0.45555,0.3534,lowers
Jigawa,6,2,rainfall_anom_roll12,12-month average rainfall below normal,0.33717,0.2615,raises
Jigawa,6,3,spi_6_roll12,12-month average six-month rainfall deficit,0.18414,0.1428,raises
Jigawa,6,4,vhi_roll12,12-month average vegetation health decline,-0.16954,0.1315,lowers
Jigawa,6,5,ndvi_anom_lag9,"vegetation stress, 9 months earlier",-0.14275,0.1107,lowers
Kaduna,6,1,ndvi_anom_roll12,12-month average vegetation stress,0.54654,0.308,raises
Kaduna,6,2,ndvi_anom_lag6,"vegetation stress, 6 months earlier",0.48827,0.2752,raises
Kaduna,6,3,ndvi_gs_integral,cumulative growing-season vegetation,0.27122,0.1529,raises
Kaduna,6,4,ipc_phase_roll12,12-month average recent food insecurity level,0.2491,0.1404,raises
Kaduna,6,5,ipc_phase_lag1,"recent food insecurity level, 1 months earlier",0.21913,0.1235,raises
Kano,6,1,ndvi_anom_roll12,12-month average vegetation stress,-0.47708,0.3075,lowers
Kano,6,2,ndvi_gs_integral,cumulative growing-season vegetation,0.3878,0.25,raises
Kano,6,3,gs_rain_cum,cumulative growing-season rainfall,0.32841,0.2117,raises
Kano,6,4,vhi_roll12,12-month average vegetation health decline,-0.18791,0.1211,lowers
Kano,6,5,ipc_phase_lag6,"recent food insecurity level, 6 months earlier",0.17024,0.1097,raises
Katsina,6,1,rainfall_anom_roll12,12-month average rainfall below normal,-1.04227,0.33,lowers
Katsina,6,2,ipc_phase_roll12,12-month average recent food insecurity level,0.93969,0.2975,raises
Katsina,6,3,is_conflict_state,location in a conflict-affected state,0.51072,0.1617,raises
Katsina,6,4,ndvi_anom_roll12,12-month average vegetation stress,0.37832,0.1198,raises
Katsina,6,5,ipc_phase_spatial_lag,food insecurity in neighbouring states,0.28734,0.091,raises
Kebbi,6,1,ipc_phase_roll12,12-month average recent food insecurity level,-0.7852,0.3022,lowers
Kebbi,6,2,is_conflict_state,location in a conflict-affected state,0.68527,0.2638,raises
Kebbi,6,3,ipc_phase_spatial_lag,food insecurity in neighbouring states,0.41608,0.1602,raises
Kebbi,6,4,conflict_civilian_deaths,violence against civilians,0.40117,0.1544,raises
Kebbi,6,5,ndvi_anom_roll12,12-month average vegetation stress,0.31027,0.1194,raises
Kogi,6,1,ndvi_anom_roll12,12-month average vegetation stress,0.68218,0.3256,raises
Kogi,6,2,ndvi_gs_integral,cumulative growing-season vegetation,0.43125,0.2058,raises
Kogi,6,3,gs_rain_cum,cumulative growing-season rainfall,0.3449,0.1646,raises
Kogi,6,4,ipc_phase_roll12,12-month average recent food insecurity level,0.34009,0.1623,raises
Kogi,6,5,ndvi_anom_lag6,"vegetation stress, 6 months earlier",0.29695,0.1417,raises
Kwara,6,1,ndvi_anom_roll12,12-month average vegetation stress,0.69305,0.3424,raises
Kwara,6,2,ndvi_gs_integral,cumulative growing-season vegetation,0.47697,0.2357,raises
Kwara,6,3,ipc_phase_roll12,12-month average recent food insecurity level,0.32999,0.163,raises
Kwara,6,4,gs_rain_cum,cumulative growing-season rainfall,0.29574,0.1461,raises
Kwara,6,5,ndvi_anom_lag9,"vegetation stress, 9 months earlier",0.22818,0.1127,raises
Lagos,6,1,ndvi_anom_roll12,12-month average vegetation stress,0.54526,0.3089,raises
Lagos,6,2,gs_rain_cum,cumulative growing-season rainfall,0.34648,0.1963,raises
Lagos,6,3,ipc_phase_roll12,12-month average recent food insecurity level,0.3388,0.1919,raises
Lagos,6,4,conflict_roll12,12-month average conflict,-0.32356,0.1833,lowers
Lagos,6,5,staple_infl_yoy_roll12,12-month average staple food price inflation,-0.21122,0.1196,lowers
Nasarawa,6,1,ndvi_anom_roll12,12-month average vegetation stress,0.64222,0.3633,raises
Nasarawa,6,2,ndvi_anom_lag6,"vegetation stress, 6 months earlier",0.37676,0.2131,raises
Nasarawa,6,3,ipc_phase_roll12,12-month average recent food insecurity level,0.28405,0.1607,raises
Nasarawa,6,4,ndvi_gs_integral,cumulative growing-season vegetation,0.24538,0.1388,raises
Nasarawa,6,5,conflict_intensity_roll12,12-month average armed conflict intensity,0.2194,0.1241,raises
Niger,6,1,ndvi_anom_roll12,12-month average vegetation stress,0.68862,0.3605,raises
Niger,6,2,ipc_phase_roll12,12-month average recent food insecurity level,0.34935,0.1829,raises
Niger,6,3,ndvi_gs_integral,cumulative growing-season vegetation,0.34773,0.1821,raises
Niger,6,4,gs_rain_cum,cumulative growing-season rainfall,0.28868,0.1511,raises
Niger,6,5,ndvi_anom_lag6,"vegetation stress, 6 months earlier",0.23559,0.1233,raises
Ogun,6,1,ndvi_gs_integral,cumulative growing-season vegetation,0.50806,0.2847,raises
Ogun,6,2,ndvi_anom_roll12,12-month average vegetation stress,0.39522,0.2214,raises
Ogun,6,3,gs_rain_cum,cumulative growing-season rainfall,0.35958,0.2015,raises
Ogun,6,4,ipc_phase_roll12,12-month average recent food insecurity level,0.32601,0.1827,raises
Ogun,6,5,ipc_phase_roll6,6-month average recent food insecurity level,0.19585,0.1097,raises
Oyo,6,1,ndvi_gs_integral,cumulative growing-season vegetation,0.53672,0.3558,raises
Oyo,6,2,ndvi_anom_roll12,12-month average vegetation stress,0.30984,0.2054,raises
Oyo,6,3,gs_rain_cum,cumulative growing-season rainfall,0.29936,0.1985,raises
Oyo,6,4,staple_infl_yoy_roll12,12-month average staple food price inflation,-0.19153,0.127,lowers
Oyo,6,5,spi_6_roll12,12-month average six-month rainfall deficit,0.17086,0.1133,raises
Plateau,6,1,conflict_roll12,12-month average conflict,-0.45541,0.2605,lowers
Plateau,6,2,ndvi_anom_lag6,"vegetation stress, 6 months earlier",0.4451,0.2546,raises
Plateau,6,3,ndvi_anom_roll12,12-month average vegetation stress,0.32486,0.1858,raises
Plateau,6,4,ipc_phase_roll12,12-month average recent food insecurity level,0.27909,0.1596,raises
Plateau,6,5,rainfall_anom_roll12,12-month average rainfall below normal,0.24395,0.1395,raises
Rivers,6,1,ndvi_gs_integral,cumulative growing-season vegetation,-0.44176,0.3111,lowers
Rivers,6,2,ipc_phase_lag1,"recent food insecurity level, 1 months earlier",-0.30245,0.213,lowers
Rivers,6,3,conflict_intensity_roll12,12-month average armed conflict intensity,-0.23928,0.1685,lowers
Rivers,6,4,spi_6_roll6,6-month average six-month rainfall deficit,0.22212,0.1564,raises
Rivers,6,5,ipc_phase_spatial_lag,food insecurity in neighbouring states,-0.21421,0.1509,lowers
Sokoto,6,1,ipc_phase_roll12,12-month average recent food insecurity level,1.13243,0.4374,raises
Sokoto,6,2,is_conflict_state,location in a conflict-affected state,0.43147,0.1667,raises
Sokoto,6,3,ndvi_anom_roll12,12-month average vegetation stress,0.4111,0.1588,raises
Sokoto,6,4,ipc_phase_spatial_lag,food insecurity in neighbouring states,0.34755,0.1342,raises
Sokoto,6,5,ndvi_anom_roll3,3-month average vegetation stress,-0.26635,0.1029,lowers
Taraba,6,1,conflict_intensity_spatial_lag,conflict intensity spatial lag,-0.84508,0.4066,lowers
Taraba,6,2,ndvi_gs_integral,cumulative growing-season vegetation,0.48381,0.2328,raises
Taraba,6,3,ndvi_anom_roll12,12-month average vegetation stress,0.33263,0.1601,raises
Taraba,6,4,ipc_phase_roll12,12-month average recent food insecurity level,0.22237,0.107,raises
Taraba,6,5,spi_6_roll12,12-month average six-month rainfall deficit,-0.19435,0.0935,lowers
Yobe,6,1,ipc_phase_roll12,12-month average recent food insecurity level,1.20425,0.4699,raises
Yobe,6,2,is_conflict_state,location in a conflict-affected state,0.45009,0.1756,raises
Yobe,6,3,ipc_phase_spatial_lag,food insecurity in neighbouring states,0.34554,0.1348,raises
Yobe,6,4,conflict_intensity_spatial_lag,conflict intensity spatial lag,0.28302,0.1104,raises
Yobe,6,5,ndvi_anom_roll12,12-month average vegetation stress,0.27972,0.1092,raises
Zamfara,6,1,ipc_phase_roll12,12-month average recent food insecurity level,1.23208,0.4409,raises
Zamfara,6,2,is_conflict_state,location in a conflict-affected state,0.5714,0.2045,raises
Zamfara,6,3,ndvi_anom_roll12,12-month average vegetation stress,0.40536,0.1451,raises
Zamfara,6,4,ipc_phase_spatial_lag,food insecurity in neighbouring states,0.37963,0.1359,raises
Zamfara,6,5,vhi_roll3,3-month average vegetation health decline,-0.20583,0.0737,lowers
