state,region,data_as_of,current_phase,forecast_phase,expected_phase,prob_crisis,prob_emergency,confidence,horizon,model,forecast_for,direction
Abia,south_east,2025-12,2.0,2,1.81,0.029,0.004,0.752,3,xgboost,2026-03,stable
Adamawa,north_east,2025-12,3.0,3,2.92,0.934,0.009,0.925,3,xgboost,2026-03,stable
Bauchi,north_east,2025-12,2.0,2,2.02,0.072,0.004,0.868,3,xgboost,2026-03,stable
Benue,north_central,2025-12,3.0,3,2.99,0.827,0.188,0.639,3,xgboost,2026-03,stable
Borno,north_east,2025-12,4.0,4,3.73,0.957,0.789,0.789,3,xgboost,2026-03,stable
Cross River,south_south,2025-12,2.0,2,1.89,0.02,0.003,0.847,3,xgboost,2026-03,stable
Edo,south_south,2025-12,2.0,2,1.88,0.025,0.003,0.831,3,xgboost,2026-03,stable
Ekiti,south_west,2025-12,3.0,2,2.39,0.431,0.013,0.517,3,xgboost,2026-03,improving
Enugu,south_east,2025-12,2.0,2,1.87,0.055,0.003,0.762,3,xgboost,2026-03,stable
Federal Capital Territory,north_central,2025-12,2.0,2,1.82,0.021,0.003,0.777,3,xgboost,2026-03,stable
Gombe,north_east,2025-12,2.0,2,1.87,0.029,0.004,0.808,3,xgboost,2026-03,stable
Jigawa,north_west,2025-12,2.0,2,1.96,0.081,0.004,0.795,3,xgboost,2026-03,stable
Kaduna,north_west,2025-12,2.0,2,1.95,0.014,0.002,0.922,3,xgboost,2026-03,stable
Kano,north_west,2025-12,2.0,2,1.88,0.065,0.005,0.741,3,xgboost,2026-03,stable
Katsina,north_west,2025-12,3.0,3,2.9,0.902,0.013,0.889,3,xgboost,2026-03,stable
Kebbi,north_west,2025-12,2.0,2,2.13,0.207,0.006,0.714,3,xgboost,2026-03,stable
Kogi,north_central,2025-12,2.0,2,1.82,0.021,0.003,0.779,3,xgboost,2026-03,stable
Kwara,north_central,2025-12,2.0,2,1.95,0.023,0.004,0.903,3,xgboost,2026-03,stable
Lagos,south_west,2025-12,2.0,2,1.98,0.067,0.004,0.837,3,xgboost,2026-03,stable
Nasarawa,north_central,2025-12,2.0,2,1.92,0.037,0.002,0.845,3,xgboost,2026-03,stable
Niger,north_central,2025-12,2.0,2,1.98,0.043,0.007,0.888,3,xgboost,2026-03,stable
Ogun,south_west,2025-12,2.0,2,1.95,0.057,0.003,0.836,3,xgboost,2026-03,stable
Plateau,north_central,2025-12,2.0,2,2.09,0.179,0.007,0.725,3,xgboost,2026-03,stable
Rivers,south_south,2025-12,2.0,2,1.84,0.048,0.005,0.737,3,xgboost,2026-03,stable
Sokoto,north_west,2025-12,3.0,3,2.98,0.94,0.052,0.888,3,xgboost,2026-03,stable
Taraba,north_east,2025-12,2.0,2,1.89,0.045,0.003,0.798,3,xgboost,2026-03,stable
Yobe,north_east,2025-12,3.0,3,2.99,0.951,0.05,0.902,3,xgboost,2026-03,stable
Zamfara,north_west,2025-12,3.0,3,2.9,0.911,0.006,0.905,3,xgboost,2026-03,stable
Abia,south_east,2025-12,2.0,1,1.48,0.007,0.001,0.526,6,xgboost,2026-06,improving
Adamawa,north_east,2025-12,3.0,3,3.0,0.995,0.0,0.995,6,xgboost,2026-06,stable
Bauchi,north_east,2025-12,2.0,2,1.99,0.005,0.001,0.979,6,xgboost,2026-06,stable
Benue,north_central,2025-12,3.0,2,2.35,0.325,0.043,0.659,6,xgboost,2026-06,improving
Borno,north_east,2025-12,4.0,4,3.69,0.994,0.696,0.696,6,xgboost,2026-06,stable
Cross River,south_south,2025-12,2.0,2,1.7,0.002,0.0,0.698,6,xgboost,2026-06,stable
Edo,south_south,2025-12,2.0,2,1.98,0.001,0.0,0.975,6,xgboost,2026-06,stable
Ekiti,south_west,2025-12,3.0,2,2.01,0.012,0.0,0.983,6,xgboost,2026-06,improving
Enugu,south_east,2025-12,2.0,2,1.98,0.001,0.0,0.973,6,xgboost,2026-06,stable
Federal Capital Territory,north_central,2025-12,2.0,2,2.0,0.0,0.0,0.997,6,xgboost,2026-06,stable
Gombe,north_east,2025-12,2.0,2,1.58,0.009,0.001,0.557,6,xgboost,2026-06,stable
Jigawa,north_west,2025-12,2.0,2,1.93,0.032,0.001,0.864,6,xgboost,2026-06,stable
Kaduna,north_west,2025-12,2.0,2,1.99,0.001,0.0,0.988,6,xgboost,2026-06,stable
Kano,north_west,2025-12,2.0,2,1.94,0.007,0.0,0.93,6,xgboost,2026-06,stable
Katsina,north_west,2025-12,3.0,3,2.73,0.731,0.001,0.73,6,xgboost,2026-06,stable
Kebbi,north_west,2025-12,2.0,3,2.8,0.806,0.001,0.805,6,xgboost,2026-06,deteriorating
Kogi,north_central,2025-12,2.0,2,1.98,0.0,0.0,0.98,6,xgboost,2026-06,stable
Kwara,north_central,2025-12,2.0,2,2.0,0.0,0.0,0.995,6,xgboost,2026-06,stable
Lagos,south_west,2025-12,2.0,2,1.99,0.012,0.001,0.965,6,xgboost,2026-06,stable
Nasarawa,north_central,2025-12,2.0,2,2.0,0.0,0.0,0.998,6,xgboost,2026-06,stable
Niger,north_central,2025-12,2.0,2,2.0,0.001,0.0,0.998,6,xgboost,2026-06,stable
Ogun,south_west,2025-12,2.0,2,2.0,0.001,0.0,0.994,6,xgboost,2026-06,stable
Oyo,south_west,2025-12,,2,1.99,0.001,0.0,0.983,6,xgboost,2026-06,stable
Plateau,north_central,2025-12,2.0,2,2.09,0.085,0.009,0.907,6,xgboost,2026-06,stable
Rivers,south_south,2025-12,2.0,1,1.25,0.016,0.001,0.769,6,xgboost,2026-06,improving
Sokoto,north_west,2025-12,3.0,3,2.99,0.991,0.002,0.989,6,xgboost,2026-06,stable
Taraba,north_east,2025-12,2.0,2,1.65,0.003,0.0,0.645,6,xgboost,2026-06,stable
Yobe,north_east,2025-12,3.0,3,3.0,0.998,0.001,0.997,6,xgboost,2026-06,stable
Zamfara,north_west,2025-12,3.0,3,2.98,0.983,0.0,0.983,6,xgboost,2026-06,stable
