state,date,ipc_phase,region
Abia,2021-09-01,2.0,south_east
Abia,2021-10-01,2.0,south_east
Abia,2021-11-01,2.0,south_east
Abia,2021-12-01,2.0,south_east
Abia,2022-01-01,2.0,south_east
Abia,2022-02-01,2.0,south_east
Abia,2022-03-01,2.0,south_east
Abia,2022-04-01,2.0,south_east
Abia,2022-05-01,2.0,south_east
Abia,2022-06-01,2.0,south_east
Abia,2022-07-01,2.0,south_east
Abia,2022-08-01,2.0,south_east
Abia,2022-09-01,1.0,south_east
Abia,2022-10-01,1.0,south_east
Abia,2022-11-01,1.0,south_east
Abia,2022-12-01,1.0,south_east
Abia,2023-01-01,2.0,south_east
Abia,2023-02-01,2.0,south_east
Abia,2023-03-01,2.0,south_east
Abia,2023-04-01,2.0,south_east
Abia,2023-05-01,2.0,south_east
Abia,2023-06-01,2.0,south_east
Abia,2023-07-01,2.0,south_east
Abia,2023-08-01,2.0,south_east
Abia,2023-09-01,2.0,south_east
Abia,2023-10-01,2.0,south_east
Abia,2023-11-01,2.0,south_east
Abia,2023-12-01,2.0,south_east
Abia,2024-01-01,2.0,south_east
Abia,2024-02-01,2.0,south_east
Abia,2024-03-01,2.0,south_east
Abia,2024-04-01,2.0,south_east
Abia,2024-05-01,2.0,south_east
Abia,2024-06-01,2.0,south_east
Abia,2024-07-01,2.0,south_east
Abia,2024-08-01,2.0,south_east
Abia,2024-09-01,2.0,south_east
Abia,2024-10-01,2.0,south_east
Abia,2024-11-01,2.0,south_east
Abia,2024-12-01,2.0,south_east
Abia,2025-01-01,2.0,south_east
Abia,2025-02-01,2.0,south_east
Abia,2025-03-01,2.0,south_east
Abia,2025-04-01,2.0,south_east
Abia,2025-05-01,2.0,south_east
Abia,2025-06-01,2.0,south_east
Abia,2025-07-01,2.0,south_east
Abia,2025-08-01,2.0,south_east
Abia,2025-09-01,2.0,south_east
Abia,2025-10-01,2.0,south_east
Abia,2025-11-01,2.0,south_east
Abia,2025-12-01,2.0,south_east
Adamawa,2015-09-01,2.0,north_east
Adamawa,2015-10-01,2.0,north_east
Adamawa,2015-11-01,2.0,north_east
Adamawa,2015-12-01,2.0,north_east
Adamawa,2016-01-01,2.0,north_east
Adamawa,2016-02-01,2.0,north_east
Adamawa,2016-03-01,2.0,north_east
Adamawa,2016-04-01,2.0,north_east
Adamawa,2016-05-01,2.0,north_east
Adamawa,2016-06-01,2.0,north_east
Adamawa,2016-07-01,2.0,north_east
Adamawa,2016-08-01,2.0,north_east
Adamawa,2016-09-01,3.0,north_east
Adamawa,2016-10-01,3.0,north_east
Adamawa,2016-11-01,3.0,north_east
Adamawa,2016-12-01,3.0,north_east
Adamawa,2017-01-01,4.0,north_east
Adamawa,2017-02-01,4.0,north_east
Adamawa,2017-03-01,4.0,north_east
Adamawa,2017-04-01,4.0,north_east
Adamawa,2017-05-01,4.0,north_east
Adamawa,2017-06-01,4.0,north_east
Adamawa,2017-07-01,4.0,north_east
Adamawa,2017-08-01,4.0,north_east
Adamawa,2017-09-01,4.0,north_east
Adamawa,2017-10-01,4.0,north_east
Adamawa,2017-11-01,4.0,north_east
Adamawa,2017-12-01,4.0,north_east
Adamawa,2018-01-01,3.0,north_east
Adamawa,2018-02-01,3.0,north_east
Adamawa,2018-03-01,3.0,north_east
Adamawa,2018-04-01,3.0,north_east
Adamawa,2018-05-01,3.0,north_east
Adamawa,2018-06-01,3.0,north_east
Adamawa,2018-07-01,3.0,north_east
Adamawa,2018-08-01,3.0,north_east
Adamawa,2018-09-01,3.0,north_east
Adamawa,2018-10-01,3.0,north_east
Adamawa,2018-11-01,3.0,north_east
Adamawa,2018-12-01,3.0,north_east
Adamawa,2019-01-01,3.0,north_east
Adamawa,2019-02-01,3.0,north_east
Adamawa,2019-03-01,3.0,north_east
Adamawa,2019-04-01,3.0,north_east
Adamawa,2019-05-01,3.0,north_east
Adamawa,2019-06-01,3.0,north_east
Adamawa,2019-09-01,3.0,north_east
Adamawa,2019-10-01,3.0,north_east
Adamawa,2019-11-01,3.0,north_east
Adamawa,2019-12-01,3.0,north_east
Adamawa,2020-01-01,2.0,north_east
Adamawa,2020-02-01,2.0,north_east
Adamawa,2020-03-01,2.0,north_east
Adamawa,2020-04-01,2.0,north_east
Adamawa,2020-05-01,2.0,north_east
Adamawa,2020-06-01,3.0,north_east
Adamawa,2020-07-01,3.0,north_east
Adamawa,2020-08-01,3.0,north_east
Adamawa,2020-09-01,3.0,north_east
Adamawa,2020-10-01,3.0,north_east
Adamawa,2020-11-01,3.0,north_east
Adamawa,2020-12-01,3.0,north_east
Adamawa,2021-01-01,3.0,north_east
Adamawa,2021-02-01,3.0,north_east
Adamawa,2021-03-01,3.0,north_east
Adamawa,2021-04-01,3.0,north_east
Adamawa,2021-05-01,3.0,north_east
Adamawa,2021-06-01,3.0,north_east
Adamawa,2021-07-01,3.0,north_east
Adamawa,2021-08-01,3.0,north_east
Adamawa,2021-09-01,2.0,north_east
Adamawa,2021-10-01,2.0,north_east
Adamawa,2021-11-01,2.0,north_east
Adamawa,2021-12-01,2.0,north_east
Adamawa,2022-01-01,3.0,north_east
Adamawa,2022-02-01,3.0,north_east
Adamawa,2022-03-01,3.0,north_east
Adamawa,2022-04-01,3.0,north_east
Adamawa,2022-05-01,3.0,north_east
Adamawa,2022-06-01,3.0,north_east
Adamawa,2022-07-01,3.0,north_east
Adamawa,2022-08-01,3.0,north_east
Adamawa,2022-09-01,3.0,north_east
Adamawa,2022-10-01,3.0,north_east
Adamawa,2022-11-01,3.0,north_east
Adamawa,2022-12-01,3.0,north_east
Adamawa,2023-01-01,3.0,north_east
Adamawa,2023-02-01,3.0,north_east
Adamawa,2023-03-01,3.0,north_east
Adamawa,2023-04-01,3.0,north_east
Adamawa,2023-05-01,3.0,north_east
Adamawa,2023-06-01,3.0,north_east
Adamawa,2023-07-01,3.0,north_east
Adamawa,2023-08-01,3.0,north_east
Adamawa,2023-09-01,3.0,north_east
Adamawa,2023-10-01,3.0,north_east
Adamawa,2023-11-01,3.0,north_east
Adamawa,2023-12-01,3.0,north_east
Adamawa,2024-01-01,3.0,north_east
Adamawa,2024-02-01,3.0,north_east
Adamawa,2024-03-01,3.0,north_east
Adamawa,2024-04-01,3.0,north_east
Adamawa,2024-05-01,3.0,north_east
Adamawa,2024-06-01,3.0,north_east
Adamawa,2024-07-01,3.0,north_east
Adamawa,2024-08-01,3.0,north_east
Adamawa,2024-09-01,3.0,north_east
Adamawa,2024-10-01,3.0,north_east
Adamawa,2024-11-01,3.0,north_east
Adamawa,2024-12-01,3.0,north_east
Adamawa,2025-01-01,3.0,north_east
Adamawa,2025-02-01,3.0,north_east
Adamawa,2025-03-01,3.0,north_east
Adamawa,2025-04-01,3.0,north_east
Adamawa,2025-05-01,3.0,north_east
Adamawa,2025-06-01,3.0,north_east
Adamawa,2025-07-01,3.0,north_east
Adamawa,2025-08-01,3.0,north_east
Adamawa,2025-09-01,3.0,north_east
Adamawa,2025-10-01,3.0,north_east
Adamawa,2025-11-01,3.0,north_east
Adamawa,2025-12-01,3.0,north_east
Bauchi,2016-09-01,1.0,north_east
Bauchi,2016-10-01,1.0,north_east
Bauchi,2016-11-01,1.0,north_east
Bauchi,2016-12-01,1.0,north_east
Bauchi,2017-01-01,2.0,north_east
Bauchi,2017-02-01,2.0,north_east
Bauchi,2017-03-01,2.0,north_east
Bauchi,2017-04-01,2.0,north_east
Bauchi,2017-05-01,2.0,north_east
Bauchi,2017-06-01,2.0,north_east
Bauchi,2017-07-01,2.0,north_east
Bauchi,2017-08-01,2.0,north_east
Bauchi,2017-09-01,1.0,north_east
Bauchi,2017-10-01,1.0,north_east
Bauchi,2017-11-01,1.0,north_east
Bauchi,2017-12-01,1.0,north_east
Bauchi,2018-01-01,1.0,north_east
Bauchi,2018-02-01,1.0,north_east
Bauchi,2018-03-01,1.0,north_east
Bauchi,2018-04-01,1.0,north_east
Bauchi,2018-05-01,1.0,north_east
Bauchi,2018-06-01,1.0,north_east
Bauchi,2018-07-01,1.0,north_east
Bauchi,2018-08-01,1.0,north_east
Bauchi,2018-09-01,1.0,north_east
Bauchi,2018-10-01,1.0,north_east
Bauchi,2018-11-01,1.0,north_east
Bauchi,2018-12-01,1.0,north_east
Bauchi,2019-01-01,1.0,north_east
Bauchi,2019-02-01,1.0,north_east
Bauchi,2019-03-01,1.0,north_east
Bauchi,2019-04-01,1.0,north_east
Bauchi,2019-05-01,1.0,north_east
Bauchi,2019-06-01,1.0,north_east
Bauchi,2019-07-01,1.0,north_east
Bauchi,2019-08-01,1.0,north_east
Bauchi,2019-09-01,1.0,north_east
Bauchi,2019-10-01,1.0,north_east
Bauchi,2019-11-01,1.0,north_east
Bauchi,2019-12-01,1.0,north_east
Bauchi,2020-01-01,1.0,north_east
Bauchi,2020-02-01,1.0,north_east
Bauchi,2020-03-01,1.0,north_east
Bauchi,2020-04-01,1.0,north_east
Bauchi,2020-05-01,1.0,north_east
Bauchi,2020-06-01,2.0,north_east
Bauchi,2020-07-01,2.0,north_east
Bauchi,2020-08-01,2.0,north_east
Bauchi,2020-09-01,1.0,north_east
Bauchi,2020-10-01,1.0,north_east
Bauchi,2020-11-01,1.0,north_east
Bauchi,2020-12-01,1.0,north_east
Bauchi,2021-01-01,2.0,north_east
Bauchi,2021-02-01,2.0,north_east
Bauchi,2021-03-01,2.0,north_east
Bauchi,2021-04-01,2.0,north_east
Bauchi,2021-05-01,2.0,north_east
Bauchi,2021-06-01,2.0,north_east
Bauchi,2021-07-01,2.0,north_east
Bauchi,2021-08-01,2.0,north_east
Bauchi,2021-09-01,1.0,north_east
Bauchi,2021-10-01,1.0,north_east
Bauchi,2021-11-01,1.0,north_east
Bauchi,2021-12-01,1.0,north_east
Bauchi,2022-01-01,2.0,north_east
Bauchi,2022-02-01,2.0,north_east
Bauchi,2022-03-01,2.0,north_east
Bauchi,2022-04-01,2.0,north_east
Bauchi,2022-05-01,2.0,north_east
Bauchi,2022-06-01,2.0,north_east
Bauchi,2022-07-01,2.0,north_east
Bauchi,2022-08-01,2.0,north_east
Bauchi,2022-09-01,2.0,north_east
Bauchi,2022-10-01,2.0,north_east
Bauchi,2022-11-01,2.0,north_east
Bauchi,2022-12-01,2.0,north_east
Bauchi,2023-01-01,2.0,north_east
Bauchi,2023-02-01,2.0,north_east
Bauchi,2023-03-01,2.0,north_east
Bauchi,2023-04-01,2.0,north_east
Bauchi,2023-05-01,2.0,north_east
Bauchi,2023-06-01,2.0,north_east
Bauchi,2023-07-01,2.0,north_east
Bauchi,2023-08-01,2.0,north_east
Bauchi,2023-09-01,2.0,north_east
Bauchi,2023-10-01,2.0,north_east
Bauchi,2023-11-01,2.0,north_east
Bauchi,2023-12-01,2.0,north_east
Bauchi,2024-01-01,3.0,north_east
Bauchi,2024-02-01,3.0,north_east
Bauchi,2024-03-01,3.0,north_east
Bauchi,2024-04-01,3.0,north_east
Bauchi,2024-05-01,3.0,north_east
Bauchi,2024-06-01,3.0,north_east
Bauchi,2024-07-01,3.0,north_east
Bauchi,2024-08-01,3.0,north_east
Bauchi,2024-09-01,3.0,north_east
Bauchi,2024-10-01,3.0,north_east
Bauchi,2024-11-01,3.0,north_east
Bauchi,2024-12-01,3.0,north_east
Bauchi,2025-01-01,2.0,north_east
Bauchi,2025-02-01,2.0,north_east
Bauchi,2025-03-01,2.0,north_east
Bauchi,2025-04-01,2.0,north_east
Bauchi,2025-05-01,2.0,north_east
Bauchi,2025-06-01,2.0,north_east
Bauchi,2025-07-01,2.0,north_east
Bauchi,2025-08-01,2.0,north_east
Bauchi,2025-09-01,2.0,north_east
Bauchi,2025-10-01,2.0,north_east
Bauchi,2025-11-01,2.0,north_east
Bauchi,2025-12-01,2.0,north_east
Benue,2016-09-01,1.0,north_central
Benue,2016-10-01,1.0,north_central
Benue,2016-11-01,1.0,north_central
Benue,2016-12-01,1.0,north_central
Benue,2017-01-01,1.0,north_central
Benue,2017-02-01,1.0,north_central
Benue,2017-03-01,1.0,north_central
Benue,2017-04-01,1.0,north_central
Benue,2017-05-01,1.0,north_central
Benue,2017-06-01,1.0,north_central
Benue,2017-07-01,1.0,north_central
Benue,2017-08-01,1.0,north_central
Benue,2017-09-01,1.0,north_central
Benue,2017-10-01,1.0,north_central
Benue,2017-11-01,1.0,north_central
Benue,2017-12-01,1.0,north_central
Benue,2018-01-01,1.0,north_central
Benue,2018-02-01,1.0,north_central
Benue,2018-03-01,1.0,north_central
Benue,2018-04-01,1.0,north_central
Benue,2018-05-01,1.0,north_central
Benue,2018-06-01,1.0,north_central
Benue,2018-07-01,1.0,north_central
Benue,2018-08-01,1.0,north_central
Benue,2018-09-01,1.0,north_central
Benue,2018-10-01,1.0,north_central
Benue,2018-11-01,1.0,north_central
Benue,2018-12-01,1.0,north_central
Benue,2019-01-01,1.0,north_central
Benue,2019-02-01,1.0,north_central
Benue,2019-03-01,1.0,north_central
Benue,2019-04-01,1.0,north_central
Benue,2019-05-01,1.0,north_central
Benue,2019-06-01,1.0,north_central
Benue,2019-07-01,1.0,north_central
Benue,2019-08-01,1.0,north_central
Benue,2019-09-01,1.0,north_central
Benue,2019-10-01,1.0,north_central
Benue,2019-11-01,1.0,north_central
Benue,2019-12-01,1.0,north_central
Benue,2020-01-01,1.0,north_central
Benue,2020-02-01,1.0,north_central
Benue,2020-03-01,1.0,north_central
Benue,2020-04-01,1.0,north_central
Benue,2020-05-01,1.0,north_central
Benue,2020-06-01,1.0,north_central
Benue,2020-07-01,1.0,north_central
Benue,2020-08-01,1.0,north_central
Benue,2020-09-01,1.0,north_central
Benue,2020-10-01,1.0,north_central
Benue,2020-11-01,1.0,north_central
Benue,2020-12-01,1.0,north_central
Benue,2021-01-01,1.0,north_central
Benue,2021-02-01,1.0,north_central
Benue,2021-03-01,1.0,north_central
Benue,2021-04-01,1.0,north_central
Benue,2021-05-01,1.0,north_central
Benue,2021-06-01,1.0,north_central
Benue,2021-07-01,1.0,north_central
Benue,2021-08-01,1.0,north_central
Benue,2021-09-01,1.0,north_central
Benue,2021-10-01,1.0,north_central
Benue,2021-11-01,1.0,north_central
Benue,2021-12-01,1.0,north_central
Benue,2022-01-01,3.0,north_central
Benue,2022-02-01,3.0,north_central
Benue,2022-03-01,3.0,north_central
Benue,2022-04-01,3.0,north_central
Benue,2022-05-01,3.0,north_central
Benue,2022-06-01,3.0,north_central
Benue,2022-07-01,3.0,north_central
Benue,2022-08-01,3.0,north_central
Benue,2022-09-01,4.0,north_central
Benue,2022-10-01,4.0,north_central
Benue,2022-11-01,4.0,north_central
Benue,2022-12-01,4.0,north_central
Benue,2023-01-01,2.0,north_central
Benue,2023-02-01,2.0,north_central
Benue,2023-03-01,2.0,north_central
Benue,2023-04-01,2.0,north_central
Benue,2023-05-01,2.0,north_central
Benue,2023-06-01,2.0,north_central
Benue,2023-07-01,2.0,north_central
Benue,2023-08-01,2.0,north_central
Benue,2023-09-01,2.0,north_central
Benue,2023-10-01,2.0,north_central
Benue,2023-11-01,2.0,north_central
Benue,2023-12-01,2.0,north_central
Benue,2024-01-01,2.0,north_central
Benue,2024-02-01,2.0,north_central
Benue,2024-03-01,2.0,north_central
Benue,2024-04-01,2.0,north_central
Benue,2024-05-01,2.0,north_central
Benue,2024-06-01,2.0,north_central
Benue,2024-07-01,2.0,north_central
Benue,2024-08-01,2.0,north_central
Benue,2024-09-01,2.0,north_central
Benue,2024-10-01,2.0,north_central
Benue,2024-11-01,2.0,north_central
Benue,2024-12-01,2.0,north_central
Benue,2025-01-01,2.0,north_central
Benue,2025-02-01,2.0,north_central
Benue,2025-03-01,2.0,north_central
Benue,2025-04-01,2.0,north_central
Benue,2025-05-01,2.0,north_central
Benue,2025-06-01,2.0,north_central
Benue,2025-07-01,2.0,north_central
Benue,2025-08-01,2.0,north_central
Benue,2025-09-01,3.0,north_central
Benue,2025-10-01,3.0,north_central
Benue,2025-11-01,3.0,north_central
Benue,2025-12-01,3.0,north_central
Borno,2015-09-01,3.0,north_east
Borno,2015-10-01,3.0,north_east
Borno,2015-11-01,3.0,north_east
Borno,2015-12-01,3.0,north_east
Borno,2016-01-01,3.0,north_east
Borno,2016-02-01,3.0,north_east
Borno,2016-03-01,3.0,north_east
Borno,2016-04-01,3.0,north_east
Borno,2016-05-01,3.0,north_east
Borno,2016-06-01,3.0,north_east
Borno,2016-07-01,3.0,north_east
Borno,2016-08-01,3.0,north_east
Borno,2016-09-01,4.0,north_east
Borno,2016-10-01,4.0,north_east
Borno,2016-11-01,4.0,north_east
Borno,2016-12-01,4.0,north_east
Borno,2017-01-01,4.0,north_east
Borno,2017-02-01,4.0,north_east
Borno,2017-03-01,4.0,north_east
Borno,2017-04-01,4.0,north_east
Borno,2017-05-01,4.0,north_east
Borno,2017-06-01,4.0,north_east
Borno,2017-07-01,4.0,north_east
Borno,2017-08-01,4.0,north_east
Borno,2017-09-01,4.0,north_east
Borno,2017-10-01,4.0,north_east
Borno,2017-11-01,4.0,north_east
Borno,2017-12-01,4.0,north_east
Borno,2018-01-01,3.0,north_east
Borno,2018-02-01,3.0,north_east
Borno,2018-03-01,3.0,north_east
Borno,2018-04-01,3.0,north_east
Borno,2018-05-01,3.0,north_east
Borno,2018-06-01,3.0,north_east
Borno,2018-07-01,3.0,north_east
Borno,2018-08-01,3.0,north_east
Borno,2018-09-01,3.0,north_east
Borno,2018-10-01,3.0,north_east
Borno,2018-11-01,3.0,north_east
Borno,2018-12-01,3.0,north_east
Borno,2019-01-01,3.0,north_east
Borno,2019-02-01,3.0,north_east
Borno,2019-03-01,3.0,north_east
Borno,2019-04-01,3.0,north_east
Borno,2019-05-01,3.0,north_east
Borno,2019-06-01,3.0,north_east
Borno,2019-07-01,3.0,north_east
Borno,2019-08-01,3.0,north_east
Borno,2019-09-01,3.0,north_east
Borno,2019-10-01,3.0,north_east
Borno,2019-11-01,3.0,north_east
Borno,2019-12-01,3.0,north_east
Borno,2020-01-01,4.0,north_east
Borno,2020-02-01,4.0,north_east
Borno,2020-03-01,4.0,north_east
Borno,2020-04-01,4.0,north_east
Borno,2020-05-01,4.0,north_east
Borno,2020-06-01,4.0,north_east
Borno,2020-07-01,4.0,north_east
Borno,2020-08-01,4.0,north_east
Borno,2020-09-01,4.0,north_east
Borno,2020-10-01,4.0,north_east
Borno,2020-11-01,4.0,north_east
Borno,2020-12-01,4.0,north_east
Borno,2021-01-01,4.0,north_east
Borno,2021-02-01,4.0,north_east
Borno,2021-03-01,4.0,north_east
Borno,2021-04-01,4.0,north_east
Borno,2021-05-01,4.0,north_east
Borno,2021-06-01,4.0,north_east
Borno,2021-07-01,4.0,north_east
Borno,2021-08-01,4.0,north_east
Borno,2021-09-01,3.0,north_east
Borno,2021-10-01,3.0,north_east
Borno,2021-11-01,3.0,north_east
Borno,2021-12-01,3.0,north_east
Borno,2022-01-01,4.0,north_east
Borno,2022-02-01,4.0,north_east
Borno,2022-03-01,4.0,north_east
Borno,2022-04-01,4.0,north_east
Borno,2022-05-01,4.0,north_east
Borno,2022-06-01,4.0,north_east
Borno,2022-07-01,4.0,north_east
Borno,2022-08-01,4.0,north_east
Borno,2022-09-01,4.0,north_east
Borno,2022-10-01,4.0,north_east
Borno,2022-11-01,4.0,north_east
Borno,2022-12-01,4.0,north_east
Borno,2023-01-01,3.0,north_east
Borno,2023-02-01,3.0,north_east
Borno,2023-03-01,3.0,north_east
Borno,2023-04-01,3.0,north_east
Borno,2023-05-01,3.0,north_east
Borno,2023-06-01,3.0,north_east
Borno,2023-07-01,3.0,north_east
Borno,2023-08-01,3.0,north_east
Borno,2023-09-01,3.0,north_east
Borno,2023-10-01,3.0,north_east
Borno,2023-11-01,3.0,north_east
Borno,2023-12-01,3.0,north_east
Borno,2024-01-01,3.0,north_east
Borno,2024-02-01,3.0,north_east
Borno,2024-03-01,3.0,north_east
Borno,2024-04-01,3.0,north_east
Borno,2024-05-01,3.0,north_east
Borno,2024-06-01,3.0,north_east
Borno,2024-07-01,3.0,north_east
Borno,2024-08-01,3.0,north_east
Borno,2024-09-01,3.0,north_east
Borno,2024-10-01,3.0,north_east
Borno,2024-11-01,3.0,north_east
Borno,2024-12-01,3.0,north_east
Borno,2025-01-01,3.0,north_east
Borno,2025-02-01,3.0,north_east
Borno,2025-03-01,3.0,north_east
Borno,2025-04-01,3.0,north_east
Borno,2025-05-01,3.0,north_east
Borno,2025-06-01,3.0,north_east
Borno,2025-07-01,3.0,north_east
Borno,2025-08-01,3.0,north_east
Borno,2025-09-01,4.0,north_east
Borno,2025-10-01,4.0,north_east
Borno,2025-11-01,4.0,north_east
Borno,2025-12-01,4.0,north_east
Cross River,2021-09-01,1.0,south_south
Cross River,2021-10-01,1.0,south_south
Cross River,2021-11-01,1.0,south_south
Cross River,2021-12-01,1.0,south_south
Cross River,2022-01-01,1.0,south_south
Cross River,2022-02-01,1.0,south_south
Cross River,2022-03-01,1.0,south_south
Cross River,2022-04-01,1.0,south_south
Cross River,2022-05-01,1.0,south_south
Cross River,2022-06-01,1.0,south_south
Cross River,2022-07-01,1.0,south_south
Cross River,2022-08-01,1.0,south_south
Cross River,2022-09-01,3.0,south_south
Cross River,2022-10-01,3.0,south_south
Cross River,2022-11-01,3.0,south_south
Cross River,2022-12-01,3.0,south_south
Cross River,2023-01-01,1.0,south_south
Cross River,2023-02-01,1.0,south_south
Cross River,2023-03-01,1.0,south_south
Cross River,2023-04-01,1.0,south_south
Cross River,2023-05-01,1.0,south_south
Cross River,2023-06-01,1.0,south_south
Cross River,2023-07-01,1.0,south_south
Cross River,2023-08-01,1.0,south_south
Cross River,2023-09-01,1.0,south_south
Cross River,2023-10-01,1.0,south_south
Cross River,2023-11-01,1.0,south_south
Cross River,2023-12-01,1.0,south_south
Cross River,2024-01-01,2.0,south_south
Cross River,2024-02-01,2.0,south_south
Cross River,2024-03-01,2.0,south_south
Cross River,2024-04-01,2.0,south_south
Cross River,2024-05-01,2.0,south_south
Cross River,2024-06-01,2.0,south_south
Cross River,2024-07-01,2.0,south_south
Cross River,2024-08-01,2.0,south_south
Cross River,2024-09-01,2.0,south_south
Cross River,2024-10-01,2.0,south_south
Cross River,2024-11-01,2.0,south_south
Cross River,2024-12-01,2.0,south_south
Cross River,2025-01-01,2.0,south_south
Cross River,2025-02-01,2.0,south_south
Cross River,2025-03-01,2.0,south_south
Cross River,2025-04-01,2.0,south_south
Cross River,2025-05-01,2.0,south_south
Cross River,2025-06-01,2.0,south_south
Cross River,2025-07-01,2.0,south_south
Cross River,2025-08-01,2.0,south_south
Cross River,2025-09-01,2.0,south_south
Cross River,2025-10-01,2.0,south_south
Cross River,2025-11-01,2.0,south_south
Cross River,2025-12-01,2.0,south_south
Edo,2021-09-01,1.0,south_south
Edo,2021-10-01,1.0,south_south
Edo,2021-11-01,1.0,south_south
Edo,2021-12-01,1.0,south_south
Edo,2022-01-01,2.0,south_south
Edo,2022-02-01,2.0,south_south
Edo,2022-03-01,2.0,south_south
Edo,2022-04-01,2.0,south_south
Edo,2022-05-01,2.0,south_south
Edo,2022-06-01,2.0,south_south
Edo,2022-07-01,2.0,south_south
Edo,2022-08-01,2.0,south_south
Edo,2022-09-01,2.0,south_south
Edo,2022-10-01,2.0,south_south
Edo,2022-11-01,2.0,south_south
Edo,2022-12-01,2.0,south_south
Edo,2023-01-01,2.0,south_south
Edo,2023-02-01,2.0,south_south
Edo,2023-03-01,2.0,south_south
Edo,2023-04-01,2.0,south_south
Edo,2023-05-01,2.0,south_south
Edo,2023-06-01,2.0,south_south
Edo,2023-07-01,2.0,south_south
Edo,2023-08-01,2.0,south_south
Edo,2023-09-01,1.0,south_south
Edo,2023-10-01,1.0,south_south
Edo,2023-11-01,1.0,south_south
Edo,2023-12-01,1.0,south_south
Edo,2024-01-01,2.0,south_south
Edo,2024-02-01,2.0,south_south
Edo,2024-03-01,2.0,south_south
Edo,2024-04-01,2.0,south_south
Edo,2024-05-01,2.0,south_south
Edo,2024-06-01,2.0,south_south
Edo,2024-07-01,2.0,south_south
Edo,2024-08-01,2.0,south_south
Edo,2024-09-01,2.0,south_south
Edo,2024-10-01,2.0,south_south
Edo,2024-11-01,2.0,south_south
Edo,2024-12-01,2.0,south_south
Edo,2025-01-01,2.0,south_south
Edo,2025-02-01,2.0,south_south
Edo,2025-03-01,2.0,south_south
Edo,2025-04-01,2.0,south_south
Edo,2025-05-01,2.0,south_south
Edo,2025-06-01,2.0,south_south
Edo,2025-07-01,2.0,south_south
Edo,2025-08-01,2.0,south_south
Edo,2025-09-01,2.0,south_south
Edo,2025-10-01,2.0,south_south
Edo,2025-11-01,2.0,south_south
Edo,2025-12-01,2.0,south_south
Ekiti,2025-09-01,3.0,south_west
Ekiti,2025-10-01,3.0,south_west
Ekiti,2025-11-01,3.0,south_west
Ekiti,2025-12-01,3.0,south_west
Enugu,2021-09-01,1.0,south_east
Enugu,2021-10-01,1.0,south_east
Enugu,2021-11-01,1.0,south_east
Enugu,2021-12-01,1.0,south_east
Enugu,2022-01-01,2.0,south_east
Enugu,2022-02-01,2.0,south_east
Enugu,2022-03-01,2.0,south_east
Enugu,2022-04-01,2.0,south_east
Enugu,2022-05-01,2.0,south_east
Enugu,2022-06-01,2.0,south_east
Enugu,2022-07-01,2.0,south_east
Enugu,2022-08-01,2.0,south_east
Enugu,2022-09-01,2.0,south_east
Enugu,2022-10-01,2.0,south_east
Enugu,2022-11-01,2.0,south_east
Enugu,2022-12-01,2.0,south_east
Enugu,2023-01-01,2.0,south_east
Enugu,2023-02-01,2.0,south_east
Enugu,2023-03-01,2.0,south_east
Enugu,2023-04-01,2.0,south_east
Enugu,2023-05-01,2.0,south_east
Enugu,2023-06-01,2.0,south_east
Enugu,2023-07-01,2.0,south_east
Enugu,2023-08-01,2.0,south_east
Enugu,2023-09-01,2.0,south_east
Enugu,2023-10-01,2.0,south_east
Enugu,2023-11-01,2.0,south_east
Enugu,2023-12-01,2.0,south_east
Enugu,2024-01-01,2.0,south_east
Enugu,2024-02-01,2.0,south_east
Enugu,2024-03-01,2.0,south_east
Enugu,2024-04-01,2.0,south_east
Enugu,2024-05-01,2.0,south_east
Enugu,2024-06-01,2.0,south_east
Enugu,2024-07-01,2.0,south_east
Enugu,2024-08-01,2.0,south_east
Enugu,2024-09-01,2.0,south_east
Enugu,2024-10-01,2.0,south_east
Enugu,2024-11-01,2.0,south_east
Enugu,2024-12-01,2.0,south_east
Enugu,2025-01-01,2.0,south_east
Enugu,2025-02-01,2.0,south_east
Enugu,2025-03-01,2.0,south_east
Enugu,2025-04-01,2.0,south_east
Enugu,2025-05-01,2.0,south_east
Enugu,2025-06-01,2.0,south_east
Enugu,2025-07-01,2.0,south_east
Enugu,2025-08-01,2.0,south_east
Enugu,2025-09-01,2.0,south_east
Enugu,2025-10-01,2.0,south_east
Enugu,2025-11-01,2.0,south_east
Enugu,2025-12-01,2.0,south_east
Federal Capital Territory,2017-09-01,1.0,north_central
Federal Capital Territory,2017-10-01,1.0,north_central
Federal Capital Territory,2017-11-01,1.0,north_central
Federal Capital Territory,2017-12-01,1.0,north_central
Federal Capital Territory,2018-01-01,1.0,north_central
Federal Capital Territory,2018-02-01,1.0,north_central
Federal Capital Territory,2018-03-01,1.0,north_central
Federal Capital Territory,2018-04-01,1.0,north_central
Federal Capital Territory,2018-05-01,1.0,north_central
Federal Capital Territory,2018-06-01,1.0,north_central
Federal Capital Territory,2018-07-01,1.0,north_central
Federal Capital Territory,2018-08-01,1.0,north_central
Federal Capital Territory,2018-09-01,1.0,north_central
Federal Capital Territory,2018-10-01,1.0,north_central
Federal Capital Territory,2018-11-01,1.0,north_central
Federal Capital Territory,2018-12-01,1.0,north_central
Federal Capital Territory,2019-01-01,1.0,north_central
Federal Capital Territory,2019-02-01,1.0,north_central
Federal Capital Territory,2019-03-01,1.0,north_central
Federal Capital Territory,2019-04-01,1.0,north_central
Federal Capital Territory,2019-05-01,1.0,north_central
Federal Capital Territory,2019-06-01,1.0,north_central
Federal Capital Territory,2019-07-01,1.0,north_central
Federal Capital Territory,2019-08-01,1.0,north_central
Federal Capital Territory,2019-09-01,1.0,north_central
Federal Capital Territory,2019-10-01,1.0,north_central
Federal Capital Territory,2019-11-01,1.0,north_central
Federal Capital Territory,2019-12-01,1.0,north_central
Federal Capital Territory,2020-01-01,1.0,north_central
Federal Capital Territory,2020-02-01,1.0,north_central
Federal Capital Territory,2020-03-01,1.0,north_central
Federal Capital Territory,2020-04-01,1.0,north_central
Federal Capital Territory,2020-05-01,1.0,north_central
Federal Capital Territory,2020-06-01,1.0,north_central
Federal Capital Territory,2020-07-01,1.0,north_central
Federal Capital Territory,2020-08-01,1.0,north_central
Federal Capital Territory,2020-09-01,2.0,north_central
Federal Capital Territory,2020-10-01,2.0,north_central
Federal Capital Territory,2020-11-01,2.0,north_central
Federal Capital Territory,2020-12-01,2.0,north_central
Federal Capital Territory,2021-01-01,2.0,north_central
Federal Capital Territory,2021-02-01,2.0,north_central
Federal Capital Territory,2021-03-01,2.0,north_central
Federal Capital Territory,2021-04-01,2.0,north_central
Federal Capital Territory,2021-05-01,2.0,north_central
Federal Capital Territory,2021-06-01,2.0,north_central
Federal Capital Territory,2021-07-01,2.0,north_central
Federal Capital Territory,2021-08-01,2.0,north_central
Federal Capital Territory,2021-09-01,2.0,north_central
Federal Capital Territory,2021-10-01,2.0,north_central
Federal Capital Territory,2021-11-01,2.0,north_central
Federal Capital Territory,2021-12-01,2.0,north_central
Federal Capital Territory,2022-01-01,2.0,north_central
Federal Capital Territory,2022-02-01,2.0,north_central
Federal Capital Territory,2022-03-01,2.0,north_central
Federal Capital Territory,2022-04-01,2.0,north_central
Federal Capital Territory,2022-05-01,2.0,north_central
Federal Capital Territory,2022-06-01,2.0,north_central
Federal Capital Territory,2022-07-01,2.0,north_central
Federal Capital Territory,2022-08-01,2.0,north_central
Federal Capital Territory,2022-09-01,1.0,north_central
Federal Capital Territory,2022-10-01,1.0,north_central
Federal Capital Territory,2022-11-01,1.0,north_central
Federal Capital Territory,2022-12-01,1.0,north_central
Federal Capital Territory,2023-01-01,2.0,north_central
Federal Capital Territory,2023-02-01,2.0,north_central
Federal Capital Territory,2023-03-01,2.0,north_central
Federal Capital Territory,2023-04-01,2.0,north_central
Federal Capital Territory,2023-05-01,2.0,north_central
Federal Capital Territory,2023-06-01,2.0,north_central
Federal Capital Territory,2023-07-01,2.0,north_central
Federal Capital Territory,2023-08-01,2.0,north_central
Federal Capital Territory,2023-09-01,2.0,north_central
Federal Capital Territory,2023-10-01,2.0,north_central
Federal Capital Territory,2023-11-01,2.0,north_central
Federal Capital Territory,2023-12-01,2.0,north_central
Federal Capital Territory,2024-01-01,2.0,north_central
Federal Capital Territory,2024-02-01,2.0,north_central
Federal Capital Territory,2024-03-01,2.0,north_central
Federal Capital Territory,2024-04-01,2.0,north_central
Federal Capital Territory,2024-05-01,2.0,north_central
Federal Capital Territory,2024-06-01,2.0,north_central
Federal Capital Territory,2024-07-01,2.0,north_central
Federal Capital Territory,2024-08-01,2.0,north_central
Federal Capital Territory,2024-09-01,2.0,north_central
Federal Capital Territory,2024-10-01,2.0,north_central
Federal Capital Territory,2024-11-01,2.0,north_central
Federal Capital Territory,2024-12-01,2.0,north_central
Federal Capital Territory,2025-01-01,2.0,north_central
Federal Capital Territory,2025-02-01,2.0,north_central
Federal Capital Territory,2025-03-01,2.0,north_central
Federal Capital Territory,2025-04-01,2.0,north_central
Federal Capital Territory,2025-05-01,2.0,north_central
Federal Capital Territory,2025-06-01,2.0,north_central
Federal Capital Territory,2025-07-01,2.0,north_central
Federal Capital Territory,2025-08-01,2.0,north_central
Federal Capital Territory,2025-09-01,2.0,north_central
Federal Capital Territory,2025-10-01,2.0,north_central
Federal Capital Territory,2025-11-01,2.0,north_central
Federal Capital Territory,2025-12-01,2.0,north_central
Gombe,2016-09-01,1.0,north_east
Gombe,2016-10-01,1.0,north_east
Gombe,2016-11-01,1.0,north_east
Gombe,2016-12-01,1.0,north_east
Gombe,2017-01-01,2.0,north_east
Gombe,2017-02-01,2.0,north_east
Gombe,2017-03-01,2.0,north_east
Gombe,2017-04-01,2.0,north_east
Gombe,2017-05-01,2.0,north_east
Gombe,2017-06-01,2.0,north_east
Gombe,2017-07-01,2.0,north_east
Gombe,2017-08-01,2.0,north_east
Gombe,2017-09-01,1.0,north_east
Gombe,2017-10-01,1.0,north_east
Gombe,2017-11-01,1.0,north_east
Gombe,2017-12-01,1.0,north_east
Gombe,2018-01-01,1.0,north_east
Gombe,2018-02-01,1.0,north_east
Gombe,2018-03-01,1.0,north_east
Gombe,2018-04-01,1.0,north_east
Gombe,2018-05-01,1.0,north_east
Gombe,2018-06-01,1.0,north_east
Gombe,2018-07-01,1.0,north_east
Gombe,2018-08-01,1.0,north_east
Gombe,2018-09-01,1.0,north_east
Gombe,2018-10-01,1.0,north_east
Gombe,2018-11-01,1.0,north_east
Gombe,2018-12-01,1.0,north_east
Gombe,2019-01-01,1.0,north_east
Gombe,2019-02-01,1.0,north_east
Gombe,2019-03-01,1.0,north_east
Gombe,2019-04-01,1.0,north_east
Gombe,2019-05-01,1.0,north_east
Gombe,2019-06-01,1.0,north_east
Gombe,2019-07-01,1.0,north_east
Gombe,2019-08-01,1.0,north_east
Gombe,2019-09-01,1.0,north_east
Gombe,2019-10-01,1.0,north_east
Gombe,2019-11-01,1.0,north_east
Gombe,2019-12-01,1.0,north_east
Gombe,2020-01-01,1.0,north_east
Gombe,2020-02-01,1.0,north_east
Gombe,2020-03-01,1.0,north_east
Gombe,2020-04-01,1.0,north_east
Gombe,2020-05-01,1.0,north_east
Gombe,2020-06-01,1.0,north_east
Gombe,2020-07-01,1.0,north_east
Gombe,2020-08-01,1.0,north_east
Gombe,2020-09-01,1.0,north_east
Gombe,2020-10-01,1.0,north_east
Gombe,2020-11-01,1.0,north_east
Gombe,2020-12-01,1.0,north_east
Gombe,2021-01-01,1.0,north_east
Gombe,2021-02-01,1.0,north_east
Gombe,2021-03-01,1.0,north_east
Gombe,2021-04-01,1.0,north_east
Gombe,2021-05-01,1.0,north_east
Gombe,2021-06-01,1.0,north_east
Gombe,2021-07-01,1.0,north_east
Gombe,2021-08-01,1.0,north_east
Gombe,2021-09-01,2.0,north_east
Gombe,2021-10-01,2.0,north_east
Gombe,2021-11-01,2.0,north_east
Gombe,2021-12-01,2.0,north_east
Gombe,2022-01-01,1.0,north_east
Gombe,2022-02-01,1.0,north_east
Gombe,2022-03-01,1.0,north_east
Gombe,2022-04-01,1.0,north_east
Gombe,2022-05-01,1.0,north_east
Gombe,2022-06-01,1.0,north_east
Gombe,2022-07-01,1.0,north_east
Gombe,2022-08-01,1.0,north_east
Gombe,2022-09-01,2.0,north_east
Gombe,2022-10-01,2.0,north_east
Gombe,2022-11-01,2.0,north_east
Gombe,2022-12-01,2.0,north_east
Gombe,2023-01-01,2.0,north_east
Gombe,2023-02-01,2.0,north_east
Gombe,2023-03-01,2.0,north_east
Gombe,2023-04-01,2.0,north_east
Gombe,2023-05-01,2.0,north_east
Gombe,2023-06-01,2.0,north_east
Gombe,2023-07-01,2.0,north_east
Gombe,2023-08-01,2.0,north_east
Gombe,2023-09-01,2.0,north_east
Gombe,2023-10-01,2.0,north_east
Gombe,2023-11-01,2.0,north_east
Gombe,2023-12-01,2.0,north_east
Gombe,2024-01-01,2.0,north_east
Gombe,2024-02-01,2.0,north_east
Gombe,2024-03-01,2.0,north_east
Gombe,2024-04-01,2.0,north_east
Gombe,2024-05-01,2.0,north_east
Gombe,2024-06-01,2.0,north_east
Gombe,2024-07-01,2.0,north_east
Gombe,2024-08-01,2.0,north_east
Gombe,2024-09-01,2.0,north_east
Gombe,2024-10-01,2.0,north_east
Gombe,2024-11-01,2.0,north_east
Gombe,2024-12-01,2.0,north_east
Gombe,2025-01-01,2.0,north_east
Gombe,2025-02-01,2.0,north_east
Gombe,2025-03-01,2.0,north_east
Gombe,2025-04-01,2.0,north_east
Gombe,2025-05-01,2.0,north_east
Gombe,2025-06-01,2.0,north_east
Gombe,2025-07-01,2.0,north_east
Gombe,2025-08-01,2.0,north_east
Gombe,2025-09-01,2.0,north_east
Gombe,2025-10-01,2.0,north_east
Gombe,2025-11-01,2.0,north_east
Gombe,2025-12-01,2.0,north_east
Jigawa,2015-09-01,2.0,north_west
Jigawa,2015-10-01,2.0,north_west
Jigawa,2015-11-01,2.0,north_west
Jigawa,2015-12-01,2.0,north_west
Jigawa,2016-01-01,2.0,north_west
Jigawa,2016-02-01,2.0,north_west
Jigawa,2016-03-01,2.0,north_west
Jigawa,2016-04-01,2.0,north_west
Jigawa,2016-05-01,2.0,north_west
Jigawa,2016-06-01,2.0,north_west
Jigawa,2016-07-01,2.0,north_west
Jigawa,2016-08-01,2.0,north_west
Jigawa,2016-09-01,2.0,north_west
Jigawa,2016-10-01,2.0,north_west
Jigawa,2016-11-01,2.0,north_west
Jigawa,2016-12-01,2.0,north_west
Jigawa,2017-01-01,1.0,north_west
Jigawa,2017-02-01,1.0,north_west
Jigawa,2017-03-01,1.0,north_west
Jigawa,2017-04-01,1.0,north_west
Jigawa,2017-05-01,1.0,north_west
Jigawa,2017-06-01,1.0,north_west
Jigawa,2017-07-01,1.0,north_west
Jigawa,2017-08-01,1.0,north_west
Jigawa,2017-09-01,1.0,north_west
Jigawa,2017-10-01,1.0,north_west
Jigawa,2017-11-01,1.0,north_west
Jigawa,2017-12-01,1.0,north_west
Jigawa,2018-01-01,1.0,north_west
Jigawa,2018-02-01,1.0,north_west
Jigawa,2018-03-01,1.0,north_west
Jigawa,2018-04-01,1.0,north_west
Jigawa,2018-05-01,1.0,north_west
Jigawa,2018-06-01,1.0,north_west
Jigawa,2018-07-01,1.0,north_west
Jigawa,2018-08-01,1.0,north_west
Jigawa,2018-09-01,1.0,north_west
Jigawa,2018-10-01,1.0,north_west
Jigawa,2018-11-01,1.0,north_west
Jigawa,2018-12-01,1.0,north_west
Jigawa,2019-01-01,1.0,north_west
Jigawa,2019-02-01,1.0,north_west
Jigawa,2019-03-01,1.0,north_west
Jigawa,2019-04-01,1.0,north_west
Jigawa,2019-05-01,1.0,north_west
Jigawa,2019-06-01,1.0,north_west
Jigawa,2019-07-01,1.0,north_west
Jigawa,2019-08-01,1.0,north_west
Jigawa,2019-09-01,1.0,north_west
Jigawa,2019-10-01,1.0,north_west
Jigawa,2019-11-01,1.0,north_west
Jigawa,2019-12-01,1.0,north_west
Jigawa,2020-01-01,1.0,north_west
Jigawa,2020-02-01,1.0,north_west
Jigawa,2020-03-01,1.0,north_west
Jigawa,2020-04-01,1.0,north_west
Jigawa,2020-05-01,1.0,north_west
Jigawa,2020-06-01,1.0,north_west
Jigawa,2020-07-01,1.0,north_west
Jigawa,2020-08-01,1.0,north_west
Jigawa,2020-09-01,2.0,north_west
Jigawa,2020-10-01,2.0,north_west
Jigawa,2020-11-01,2.0,north_west
Jigawa,2020-12-01,2.0,north_west
Jigawa,2021-01-01,1.0,north_west
Jigawa,2021-02-01,1.0,north_west
Jigawa,2021-03-01,1.0,north_west
Jigawa,2021-04-01,1.0,north_west
Jigawa,2021-05-01,1.0,north_west
Jigawa,2021-06-01,1.0,north_west
Jigawa,2021-07-01,1.0,north_west
Jigawa,2021-08-01,1.0,north_west
Jigawa,2021-09-01,1.0,north_west
Jigawa,2021-10-01,1.0,north_west
Jigawa,2021-11-01,1.0,north_west
Jigawa,2021-12-01,1.0,north_west
Jigawa,2022-01-01,2.0,north_west
Jigawa,2022-02-01,2.0,north_west
Jigawa,2022-03-01,2.0,north_west
Jigawa,2022-04-01,2.0,north_west
Jigawa,2022-05-01,2.0,north_west
Jigawa,2022-06-01,2.0,north_west
Jigawa,2022-07-01,2.0,north_west
Jigawa,2022-08-01,2.0,north_west
Jigawa,2022-09-01,3.0,north_west
Jigawa,2022-10-01,3.0,north_west
Jigawa,2022-11-01,3.0,north_west
Jigawa,2022-12-01,3.0,north_west
Jigawa,2023-01-01,2.0,north_west
Jigawa,2023-02-01,2.0,north_west
Jigawa,2023-03-01,2.0,north_west
Jigawa,2023-04-01,2.0,north_west
Jigawa,2023-05-01,2.0,north_west
Jigawa,2023-06-01,2.0,north_west
Jigawa,2023-07-01,2.0,north_west
Jigawa,2023-08-01,2.0,north_west
Jigawa,2023-09-01,1.0,north_west
Jigawa,2023-10-01,1.0,north_west
Jigawa,2023-11-01,1.0,north_west
Jigawa,2023-12-01,1.0,north_west
Jigawa,2024-01-01,2.0,north_west
Jigawa,2024-02-01,2.0,north_west
Jigawa,2024-03-01,2.0,north_west
Jigawa,2024-04-01,2.0,north_west
Jigawa,2024-05-01,2.0,north_west
Jigawa,2024-06-01,2.0,north_west
Jigawa,2024-07-01,2.0,north_west
Jigawa,2024-08-01,2.0,north_west
Jigawa,2024-09-01,2.0,north_west
Jigawa,2024-10-01,2.0,north_west
Jigawa,2024-11-01,2.0,north_west
Jigawa,2024-12-01,2.0,north_west
Jigawa,2025-01-01,2.0,north_west
Jigawa,2025-02-01,2.0,north_west
Jigawa,2025-03-01,2.0,north_west
Jigawa,2025-04-01,2.0,north_west
Jigawa,2025-05-01,2.0,north_west
Jigawa,2025-06-01,2.0,north_west
Jigawa,2025-07-01,2.0,north_west
Jigawa,2025-08-01,2.0,north_west
Jigawa,2025-09-01,2.0,north_west
Jigawa,2025-10-01,2.0,north_west
Jigawa,2025-11-01,2.0,north_west
Jigawa,2025-12-01,2.0,north_west
Kaduna,2016-09-01,2.0,north_west
Kaduna,2016-10-01,2.0,north_west
Kaduna,2016-11-01,2.0,north_west
Kaduna,2016-12-01,2.0,north_west
Kaduna,2017-01-01,2.0,north_west
Kaduna,2017-02-01,2.0,north_west
Kaduna,2017-03-01,2.0,north_west
Kaduna,2017-04-01,2.0,north_west
Kaduna,2017-05-01,2.0,north_west
Kaduna,2017-06-01,2.0,north_west
Kaduna,2017-07-01,2.0,north_west
Kaduna,2017-08-01,2.0,north_west
Kaduna,2017-09-01,1.0,north_west
Kaduna,2017-10-01,1.0,north_west
Kaduna,2017-11-01,1.0,north_west
Kaduna,2017-12-01,1.0,north_west
Kaduna,2018-01-01,1.0,north_west
Kaduna,2018-02-01,1.0,north_west
Kaduna,2018-03-01,1.0,north_west
Kaduna,2018-04-01,1.0,north_west
Kaduna,2018-05-01,1.0,north_west
Kaduna,2018-06-01,1.0,north_west
Kaduna,2018-07-01,1.0,north_west
Kaduna,2018-08-01,1.0,north_west
Kaduna,2018-09-01,1.0,north_west
Kaduna,2018-10-01,1.0,north_west
Kaduna,2018-11-01,1.0,north_west
Kaduna,2018-12-01,1.0,north_west
Kaduna,2019-01-01,1.0,north_west
Kaduna,2019-02-01,1.0,north_west
Kaduna,2019-03-01,1.0,north_west
Kaduna,2019-04-01,1.0,north_west
Kaduna,2019-05-01,1.0,north_west
Kaduna,2019-06-01,1.0,north_west
Kaduna,2019-07-01,1.0,north_west
Kaduna,2019-08-01,1.0,north_west
Kaduna,2019-09-01,1.0,north_west
Kaduna,2019-10-01,1.0,north_west
Kaduna,2019-11-01,1.0,north_west
Kaduna,2019-12-01,1.0,north_west
Kaduna,2020-01-01,2.0,north_west
Kaduna,2020-02-01,2.0,north_west
Kaduna,2020-03-01,2.0,north_west
Kaduna,2020-04-01,2.0,north_west
Kaduna,2020-05-01,2.0,north_west
Kaduna,2020-06-01,1.0,north_west
Kaduna,2020-07-01,1.0,north_west
Kaduna,2020-08-01,1.0,north_west
Kaduna,2020-09-01,2.0,north_west
Kaduna,2020-10-01,2.0,north_west
Kaduna,2020-11-01,2.0,north_west
Kaduna,2020-12-01,2.0,north_west
Kaduna,2021-01-01,3.0,north_west
Kaduna,2021-02-01,3.0,north_west
Kaduna,2021-03-01,3.0,north_west
Kaduna,2021-04-01,3.0,north_west
Kaduna,2021-05-01,3.0,north_west
Kaduna,2021-06-01,3.0,north_west
Kaduna,2021-07-01,3.0,north_west
Kaduna,2021-08-01,3.0,north_west
Kaduna,2021-09-01,2.0,north_west
Kaduna,2021-10-01,2.0,north_west
Kaduna,2021-11-01,2.0,north_west
Kaduna,2021-12-01,2.0,north_west
Kaduna,2022-01-01,2.0,north_west
Kaduna,2022-02-01,2.0,north_west
Kaduna,2022-03-01,2.0,north_west
Kaduna,2022-04-01,2.0,north_west
Kaduna,2022-05-01,2.0,north_west
Kaduna,2022-06-01,2.0,north_west
Kaduna,2022-07-01,2.0,north_west
Kaduna,2022-08-01,2.0,north_west
Kaduna,2022-09-01,2.0,north_west
Kaduna,2022-10-01,2.0,north_west
Kaduna,2022-11-01,2.0,north_west
Kaduna,2022-12-01,2.0,north_west
Kaduna,2023-01-01,2.0,north_west
Kaduna,2023-02-01,2.0,north_west
Kaduna,2023-03-01,2.0,north_west
Kaduna,2023-04-01,2.0,north_west
Kaduna,2023-05-01,2.0,north_west
Kaduna,2023-06-01,2.0,north_west
Kaduna,2023-07-01,2.0,north_west
Kaduna,2023-08-01,2.0,north_west
Kaduna,2023-09-01,2.0,north_west
Kaduna,2023-10-01,2.0,north_west
Kaduna,2023-11-01,2.0,north_west
Kaduna,2023-12-01,2.0,north_west
Kaduna,2024-01-01,3.0,north_west
Kaduna,2024-02-01,3.0,north_west
Kaduna,2024-03-01,3.0,north_west
Kaduna,2024-04-01,3.0,north_west
Kaduna,2024-05-01,3.0,north_west
Kaduna,2024-06-01,3.0,north_west
Kaduna,2024-07-01,3.0,north_west
Kaduna,2024-08-01,3.0,north_west
Kaduna,2024-09-01,2.0,north_west
Kaduna,2024-10-01,2.0,north_west
Kaduna,2024-11-01,2.0,north_west
Kaduna,2024-12-01,2.0,north_west
Kaduna,2025-01-01,2.0,north_west
Kaduna,2025-02-01,2.0,north_west
Kaduna,2025-03-01,2.0,north_west
Kaduna,2025-04-01,2.0,north_west
Kaduna,2025-05-01,2.0,north_west
Kaduna,2025-06-01,2.0,north_west
Kaduna,2025-07-01,2.0,north_west
Kaduna,2025-08-01,2.0,north_west
Kaduna,2025-09-01,2.0,north_west
Kaduna,2025-10-01,2.0,north_west
Kaduna,2025-11-01,2.0,north_west
Kaduna,2025-12-01,2.0,north_west
Kano,2015-09-01,1.0,north_west
Kano,2015-10-01,1.0,north_west
Kano,2015-11-01,1.0,north_west
Kano,2015-12-01,1.0,north_west
Kano,2016-01-01,1.0,north_west
Kano,2016-02-01,1.0,north_west
Kano,2016-03-01,1.0,north_west
Kano,2016-04-01,1.0,north_west
Kano,2016-05-01,1.0,north_west
Kano,2016-06-01,1.0,north_west
Kano,2016-07-01,1.0,north_west
Kano,2016-08-01,1.0,north_west
Kano,2016-09-01,2.0,north_west
Kano,2016-10-01,2.0,north_west
Kano,2016-11-01,2.0,north_west
Kano,2016-12-01,2.0,north_west
Kano,2017-01-01,2.0,north_west
Kano,2017-02-01,2.0,north_west
Kano,2017-03-01,2.0,north_west
Kano,2017-04-01,2.0,north_west
Kano,2017-05-01,2.0,north_west
Kano,2017-06-01,2.0,north_west
Kano,2017-07-01,2.0,north_west
Kano,2017-08-01,2.0,north_west
Kano,2017-09-01,2.0,north_west
Kano,2017-10-01,2.0,north_west
Kano,2017-11-01,2.0,north_west
Kano,2017-12-01,2.0,north_west
Kano,2018-01-01,2.0,north_west
Kano,2018-02-01,2.0,north_west
Kano,2018-03-01,2.0,north_west
Kano,2018-04-01,2.0,north_west
Kano,2018-05-01,2.0,north_west
Kano,2018-06-01,2.0,north_west
Kano,2018-07-01,2.0,north_west
Kano,2018-08-01,2.0,north_west
Kano,2018-09-01,1.0,north_west
Kano,2018-10-01,1.0,north_west
Kano,2018-11-01,1.0,north_west
Kano,2018-12-01,1.0,north_west
Kano,2019-01-01,1.0,north_west
Kano,2019-02-01,1.0,north_west
Kano,2019-03-01,1.0,north_west
Kano,2019-04-01,1.0,north_west
Kano,2019-05-01,1.0,north_west
Kano,2019-06-01,1.0,north_west
Kano,2019-07-01,1.0,north_west
Kano,2019-08-01,1.0,north_west
Kano,2019-09-01,1.0,north_west
Kano,2019-10-01,1.0,north_west
Kano,2019-11-01,1.0,north_west
Kano,2019-12-01,1.0,north_west
Kano,2020-01-01,1.0,north_west
Kano,2020-02-01,1.0,north_west
Kano,2020-03-01,1.0,north_west
Kano,2020-04-01,1.0,north_west
Kano,2020-05-01,1.0,north_west
Kano,2020-06-01,2.0,north_west
Kano,2020-07-01,2.0,north_west
Kano,2020-08-01,2.0,north_west
Kano,2020-09-01,2.0,north_west
Kano,2020-10-01,2.0,north_west
Kano,2020-11-01,2.0,north_west
Kano,2020-12-01,2.0,north_west
Kano,2021-01-01,2.0,north_west
Kano,2021-02-01,2.0,north_west
Kano,2021-03-01,2.0,north_west
Kano,2021-04-01,2.0,north_west
Kano,2021-05-01,2.0,north_west
Kano,2021-06-01,2.0,north_west
Kano,2021-07-01,2.0,north_west
Kano,2021-08-01,2.0,north_west
Kano,2021-09-01,1.0,north_west
Kano,2021-10-01,1.0,north_west
Kano,2021-11-01,1.0,north_west
Kano,2021-12-01,1.0,north_west
Kano,2022-01-01,2.0,north_west
Kano,2022-02-01,2.0,north_west
Kano,2022-03-01,2.0,north_west
Kano,2022-04-01,2.0,north_west
Kano,2022-05-01,2.0,north_west
Kano,2022-06-01,2.0,north_west
Kano,2022-07-01,2.0,north_west
Kano,2022-08-01,2.0,north_west
Kano,2022-09-01,2.0,north_west
Kano,2022-10-01,2.0,north_west
Kano,2022-11-01,2.0,north_west
Kano,2022-12-01,2.0,north_west
Kano,2023-01-01,2.0,north_west
Kano,2023-02-01,2.0,north_west
Kano,2023-03-01,2.0,north_west
Kano,2023-04-01,2.0,north_west
Kano,2023-05-01,2.0,north_west
Kano,2023-06-01,2.0,north_west
Kano,2023-07-01,2.0,north_west
Kano,2023-08-01,2.0,north_west
Kano,2023-09-01,2.0,north_west
Kano,2023-10-01,2.0,north_west
Kano,2023-11-01,2.0,north_west
Kano,2023-12-01,2.0,north_west
Kano,2024-01-01,2.0,north_west
Kano,2024-02-01,2.0,north_west
Kano,2024-03-01,2.0,north_west
Kano,2024-04-01,2.0,north_west
Kano,2024-05-01,2.0,north_west
Kano,2024-06-01,2.0,north_west
Kano,2024-07-01,2.0,north_west
Kano,2024-08-01,2.0,north_west
Kano,2024-09-01,2.0,north_west
Kano,2024-10-01,2.0,north_west
Kano,2024-11-01,2.0,north_west
Kano,2024-12-01,2.0,north_west
Kano,2025-01-01,2.0,north_west
Kano,2025-02-01,2.0,north_west
Kano,2025-03-01,2.0,north_west
Kano,2025-04-01,2.0,north_west
Kano,2025-05-01,2.0,north_west
Kano,2025-06-01,2.0,north_west
Kano,2025-07-01,2.0,north_west
Kano,2025-08-01,2.0,north_west
Kano,2025-09-01,2.0,north_west
Kano,2025-10-01,2.0,north_west
Kano,2025-11-01,2.0,north_west
Kano,2025-12-01,2.0,north_west
Katsina,2015-09-01,1.0,north_west
Katsina,2015-10-01,1.0,north_west
Katsina,2015-11-01,1.0,north_west
Katsina,2015-12-01,1.0,north_west
Katsina,2016-01-01,1.0,north_west
Katsina,2016-02-01,1.0,north_west
Katsina,2016-03-01,1.0,north_west
Katsina,2016-04-01,1.0,north_west
Katsina,2016-05-01,1.0,north_west
Katsina,2016-06-01,1.0,north_west
Katsina,2016-07-01,1.0,north_west
Katsina,2016-08-01,1.0,north_west
Katsina,2016-09-01,2.0,north_west
Katsina,2016-10-01,2.0,north_west
Katsina,2016-11-01,2.0,north_west
Katsina,2016-12-01,2.0,north_west
Katsina,2017-01-01,2.0,north_west
Katsina,2017-02-01,2.0,north_west
Katsina,2017-03-01,2.0,north_west
Katsina,2017-04-01,2.0,north_west
Katsina,2017-05-01,2.0,north_west
Katsina,2017-06-01,2.0,north_west
Katsina,2017-07-01,2.0,north_west
Katsina,2017-08-01,2.0,north_west
Katsina,2017-09-01,1.0,north_west
Katsina,2017-10-01,1.0,north_west
Katsina,2017-11-01,1.0,north_west
Katsina,2017-12-01,1.0,north_west
Katsina,2018-01-01,2.0,north_west
Katsina,2018-02-01,2.0,north_west
Katsina,2018-03-01,2.0,north_west
Katsina,2018-04-01,2.0,north_west
Katsina,2018-05-01,2.0,north_west
Katsina,2018-06-01,2.0,north_west
Katsina,2018-07-01,2.0,north_west
Katsina,2018-08-01,2.0,north_west
Katsina,2018-09-01,2.0,north_west
Katsina,2018-10-01,2.0,north_west
Katsina,2018-11-01,2.0,north_west
Katsina,2018-12-01,2.0,north_west
Katsina,2019-01-01,2.0,north_west
Katsina,2019-02-01,2.0,north_west
Katsina,2019-03-01,2.0,north_west
Katsina,2019-04-01,2.0,north_west
Katsina,2019-05-01,2.0,north_west
Katsina,2019-06-01,2.0,north_west
Katsina,2019-07-01,2.0,north_west
Katsina,2019-08-01,2.0,north_west
Katsina,2019-09-01,1.0,north_west
Katsina,2019-10-01,1.0,north_west
Katsina,2019-11-01,1.0,north_west
Katsina,2019-12-01,1.0,north_west
Katsina,2020-01-01,1.0,north_west
Katsina,2020-02-01,1.0,north_west
Katsina,2020-03-01,1.0,north_west
Katsina,2020-04-01,1.0,north_west
Katsina,2020-05-01,1.0,north_west
Katsina,2020-06-01,2.0,north_west
Katsina,2020-07-01,2.0,north_west
Katsina,2020-08-01,2.0,north_west
Katsina,2020-09-01,2.0,north_west
Katsina,2020-10-01,2.0,north_west
Katsina,2020-11-01,2.0,north_west
Katsina,2020-12-01,2.0,north_west
Katsina,2021-01-01,3.0,north_west
Katsina,2021-02-01,3.0,north_west
Katsina,2021-03-01,3.0,north_west
Katsina,2021-04-01,3.0,north_west
Katsina,2021-05-01,3.0,north_west
Katsina,2021-06-01,3.0,north_west
Katsina,2021-07-01,3.0,north_west
Katsina,2021-08-01,3.0,north_west
Katsina,2021-09-01,2.0,north_west
Katsina,2021-10-01,2.0,north_west
Katsina,2021-11-01,2.0,north_west
Katsina,2021-12-01,2.0,north_west
Katsina,2022-01-01,3.0,north_west
Katsina,2022-02-01,3.0,north_west
Katsina,2022-03-01,3.0,north_west
Katsina,2022-04-01,3.0,north_west
Katsina,2022-05-01,3.0,north_west
Katsina,2022-06-01,3.0,north_west
Katsina,2022-07-01,3.0,north_west
Katsina,2022-08-01,3.0,north_west
Katsina,2022-09-01,3.0,north_west
Katsina,2022-10-01,3.0,north_west
Katsina,2022-11-01,3.0,north_west
Katsina,2022-12-01,3.0,north_west
Katsina,2023-01-01,3.0,north_west
Katsina,2023-02-01,3.0,north_west
Katsina,2023-03-01,3.0,north_west
Katsina,2023-04-01,3.0,north_west
Katsina,2023-05-01,3.0,north_west
Katsina,2023-06-01,3.0,north_west
Katsina,2023-07-01,3.0,north_west
Katsina,2023-08-01,3.0,north_west
Katsina,2023-09-01,3.0,north_west
Katsina,2023-10-01,3.0,north_west
Katsina,2023-11-01,3.0,north_west
Katsina,2023-12-01,3.0,north_west
Katsina,2024-01-01,3.0,north_west
Katsina,2024-02-01,3.0,north_west
Katsina,2024-03-01,3.0,north_west
Katsina,2024-04-01,3.0,north_west
Katsina,2024-05-01,3.0,north_west
Katsina,2024-06-01,3.0,north_west
Katsina,2024-07-01,3.0,north_west
Katsina,2024-08-01,3.0,north_west
Katsina,2024-09-01,3.0,north_west
Katsina,2024-10-01,3.0,north_west
Katsina,2024-11-01,3.0,north_west
Katsina,2024-12-01,3.0,north_west
Katsina,2025-01-01,3.0,north_west
Katsina,2025-02-01,3.0,north_west
Katsina,2025-03-01,3.0,north_west
Katsina,2025-04-01,3.0,north_west
Katsina,2025-05-01,3.0,north_west
Katsina,2025-06-01,3.0,north_west
Katsina,2025-07-01,3.0,north_west
Katsina,2025-08-01,3.0,north_west
Katsina,2025-09-01,3.0,north_west
Katsina,2025-10-01,3.0,north_west
Katsina,2025-11-01,3.0,north_west
Katsina,2025-12-01,3.0,north_west
Kebbi,2016-09-01,2.0,north_west
Kebbi,2016-10-01,2.0,north_west
Kebbi,2016-11-01,2.0,north_west
Kebbi,2016-12-01,2.0,north_west
Kebbi,2017-01-01,1.0,north_west
Kebbi,2017-02-01,1.0,north_west
Kebbi,2017-03-01,1.0,north_west
Kebbi,2017-04-01,1.0,north_west
Kebbi,2017-05-01,1.0,north_west
Kebbi,2017-06-01,1.0,north_west
Kebbi,2017-07-01,1.0,north_west
Kebbi,2017-08-01,1.0,north_west
Kebbi,2017-09-01,1.0,north_west
Kebbi,2017-10-01,1.0,north_west
Kebbi,2017-11-01,1.0,north_west
Kebbi,2017-12-01,1.0,north_west
Kebbi,2018-01-01,1.0,north_west
Kebbi,2018-02-01,1.0,north_west
Kebbi,2018-03-01,1.0,north_west
Kebbi,2018-04-01,1.0,north_west
Kebbi,2018-05-01,1.0,north_west
Kebbi,2018-06-01,1.0,north_west
Kebbi,2018-07-01,1.0,north_west
Kebbi,2018-08-01,1.0,north_west
Kebbi,2018-09-01,1.0,north_west
Kebbi,2018-10-01,1.0,north_west
Kebbi,2018-11-01,1.0,north_west
Kebbi,2018-12-01,1.0,north_west
Kebbi,2019-01-01,1.0,north_west
Kebbi,2019-02-01,1.0,north_west
Kebbi,2019-03-01,1.0,north_west
Kebbi,2019-04-01,1.0,north_west
Kebbi,2019-05-01,1.0,north_west
Kebbi,2019-06-01,1.0,north_west
Kebbi,2019-07-01,1.0,north_west
Kebbi,2019-08-01,1.0,north_west
Kebbi,2019-09-01,1.0,north_west
Kebbi,2019-10-01,1.0,north_west
Kebbi,2019-11-01,1.0,north_west
Kebbi,2019-12-01,1.0,north_west
Kebbi,2020-01-01,1.0,north_west
Kebbi,2020-02-01,1.0,north_west
Kebbi,2020-03-01,1.0,north_west
Kebbi,2020-04-01,1.0,north_west
Kebbi,2020-05-01,1.0,north_west
Kebbi,2020-06-01,2.0,north_west
Kebbi,2020-07-01,2.0,north_west
Kebbi,2020-08-01,2.0,north_west
Kebbi,2020-09-01,2.0,north_west
Kebbi,2020-10-01,2.0,north_west
Kebbi,2020-11-01,2.0,north_west
Kebbi,2020-12-01,2.0,north_west
Kebbi,2021-01-01,2.0,north_west
Kebbi,2021-02-01,2.0,north_west
Kebbi,2021-03-01,2.0,north_west
Kebbi,2021-04-01,2.0,north_west
Kebbi,2021-05-01,2.0,north_west
Kebbi,2021-06-01,2.0,north_west
Kebbi,2021-09-01,2.0,north_west
Kebbi,2021-10-01,2.0,north_west
Kebbi,2021-11-01,2.0,north_west
Kebbi,2021-12-01,2.0,north_west
Kebbi,2022-01-01,2.0,north_west
Kebbi,2022-02-01,2.0,north_west
Kebbi,2022-03-01,2.0,north_west
Kebbi,2022-04-01,2.0,north_west
Kebbi,2022-05-01,2.0,north_west
Kebbi,2022-06-01,2.0,north_west
Kebbi,2022-07-01,2.0,north_west
Kebbi,2022-08-01,2.0,north_west
Kebbi,2022-09-01,2.0,north_west
Kebbi,2022-10-01,2.0,north_west
Kebbi,2022-11-01,2.0,north_west
Kebbi,2022-12-01,2.0,north_west
Kebbi,2023-01-01,2.0,north_west
Kebbi,2023-02-01,2.0,north_west
Kebbi,2023-03-01,2.0,north_west
Kebbi,2023-04-01,2.0,north_west
Kebbi,2023-05-01,2.0,north_west
Kebbi,2023-06-01,2.0,north_west
Kebbi,2023-07-01,2.0,north_west
Kebbi,2023-08-01,2.0,north_west
Kebbi,2023-09-01,2.0,north_west
Kebbi,2023-10-01,2.0,north_west
Kebbi,2023-11-01,2.0,north_west
Kebbi,2023-12-01,2.0,north_west
Kebbi,2024-01-01,2.0,north_west
Kebbi,2024-02-01,2.0,north_west
Kebbi,2024-03-01,2.0,north_west
Kebbi,2024-04-01,2.0,north_west
Kebbi,2024-05-01,2.0,north_west
Kebbi,2024-06-01,2.0,north_west
Kebbi,2024-07-01,2.0,north_west
Kebbi,2024-08-01,2.0,north_west
Kebbi,2024-09-01,3.0,north_west
Kebbi,2024-10-01,3.0,north_west
Kebbi,2024-11-01,3.0,north_west
Kebbi,2024-12-01,3.0,north_west
Kebbi,2025-01-01,2.0,north_west
Kebbi,2025-02-01,2.0,north_west
Kebbi,2025-03-01,2.0,north_west
Kebbi,2025-04-01,2.0,north_west
Kebbi,2025-05-01,2.0,north_west
Kebbi,2025-06-01,2.0,north_west
Kebbi,2025-07-01,2.0,north_west
Kebbi,2025-08-01,2.0,north_west
Kebbi,2025-09-01,2.0,north_west
Kebbi,2025-10-01,2.0,north_west
Kebbi,2025-11-01,2.0,north_west
Kebbi,2025-12-01,2.0,north_west
Kogi,2022-09-01,1.0,north_central
Kogi,2022-10-01,1.0,north_central
Kogi,2022-11-01,1.0,north_central
Kogi,2022-12-01,1.0,north_central
Kogi,2023-01-01,2.0,north_central
Kogi,2023-02-01,2.0,north_central
Kogi,2023-03-01,2.0,north_central
Kogi,2023-04-01,2.0,north_central
Kogi,2023-05-01,2.0,north_central
Kogi,2023-06-01,2.0,north_central
Kogi,2023-07-01,2.0,north_central
Kogi,2023-08-01,2.0,north_central
Kogi,2023-09-01,2.0,north_central
Kogi,2023-10-01,2.0,north_central
Kogi,2023-11-01,2.0,north_central
Kogi,2023-12-01,2.0,north_central
Kogi,2024-01-01,2.0,north_central
Kogi,2024-02-01,2.0,north_central
Kogi,2024-03-01,2.0,north_central
Kogi,2024-04-01,2.0,north_central
Kogi,2024-05-01,2.0,north_central
Kogi,2024-06-01,2.0,north_central
Kogi,2024-07-01,2.0,north_central
Kogi,2024-08-01,2.0,north_central
Kogi,2024-09-01,2.0,north_central
Kogi,2024-10-01,2.0,north_central
Kogi,2024-11-01,2.0,north_central
Kogi,2024-12-01,2.0,north_central
Kogi,2025-01-01,2.0,north_central
Kogi,2025-02-01,2.0,north_central
Kogi,2025-03-01,2.0,north_central
Kogi,2025-04-01,2.0,north_central
Kogi,2025-05-01,2.0,north_central
Kogi,2025-06-01,2.0,north_central
Kogi,2025-07-01,2.0,north_central
Kogi,2025-08-01,2.0,north_central
Kogi,2025-09-01,2.0,north_central
Kogi,2025-10-01,2.0,north_central
Kogi,2025-11-01,2.0,north_central
Kogi,2025-12-01,2.0,north_central
Kwara,2022-09-01,2.0,north_central
Kwara,2022-10-01,2.0,north_central
Kwara,2022-11-01,2.0,north_central
Kwara,2022-12-01,2.0,north_central
Kwara,2023-01-01,2.0,north_central
Kwara,2023-02-01,2.0,north_central
Kwara,2023-03-01,2.0,north_central
Kwara,2023-04-01,2.0,north_central
Kwara,2023-05-01,2.0,north_central
Kwara,2023-06-01,2.0,north_central
Kwara,2023-07-01,2.0,north_central
Kwara,2023-08-01,2.0,north_central
Kwara,2023-09-01,2.0,north_central
Kwara,2023-10-01,2.0,north_central
Kwara,2023-11-01,2.0,north_central
Kwara,2023-12-01,2.0,north_central
Kwara,2024-01-01,2.0,north_central
Kwara,2024-02-01,2.0,north_central
Kwara,2024-03-01,2.0,north_central
Kwara,2024-04-01,2.0,north_central
Kwara,2024-05-01,2.0,north_central
Kwara,2024-06-01,2.0,north_central
Kwara,2024-07-01,2.0,north_central
Kwara,2024-08-01,2.0,north_central
Kwara,2024-09-01,3.0,north_central
Kwara,2024-10-01,3.0,north_central
Kwara,2024-11-01,3.0,north_central
Kwara,2024-12-01,3.0,north_central
Kwara,2025-01-01,2.0,north_central
Kwara,2025-02-01,2.0,north_central
Kwara,2025-03-01,2.0,north_central
Kwara,2025-04-01,2.0,north_central
Kwara,2025-05-01,2.0,north_central
Kwara,2025-06-01,2.0,north_central
Kwara,2025-07-01,2.0,north_central
Kwara,2025-08-01,2.0,north_central
Kwara,2025-09-01,2.0,north_central
Kwara,2025-10-01,2.0,north_central
Kwara,2025-11-01,2.0,north_central
Kwara,2025-12-01,2.0,north_central
Lagos,2021-09-01,2.0,south_west
Lagos,2021-10-01,2.0,south_west
Lagos,2021-11-01,2.0,south_west
Lagos,2021-12-01,2.0,south_west
Lagos,2022-01-01,2.0,south_west
Lagos,2022-02-01,2.0,south_west
Lagos,2022-03-01,2.0,south_west
Lagos,2022-04-01,2.0,south_west
Lagos,2022-05-01,2.0,south_west
Lagos,2022-06-01,2.0,south_west
Lagos,2022-07-01,2.0,south_west
Lagos,2022-08-01,2.0,south_west
Lagos,2022-09-01,1.0,south_west
Lagos,2022-10-01,1.0,south_west
Lagos,2022-11-01,1.0,south_west
Lagos,2022-12-01,1.0,south_west
Lagos,2023-01-01,2.0,south_west
Lagos,2023-02-01,2.0,south_west
Lagos,2023-03-01,2.0,south_west
Lagos,2023-04-01,2.0,south_west
Lagos,2023-05-01,2.0,south_west
Lagos,2023-06-01,2.0,south_west
Lagos,2023-07-01,2.0,south_west
Lagos,2023-08-01,2.0,south_west
Lagos,2023-09-01,2.0,south_west
Lagos,2023-10-01,2.0,south_west
Lagos,2023-11-01,2.0,south_west
Lagos,2023-12-01,2.0,south_west
Lagos,2024-01-01,2.0,south_west
Lagos,2024-02-01,2.0,south_west
Lagos,2024-03-01,2.0,south_west
Lagos,2024-04-01,2.0,south_west
Lagos,2024-05-01,2.0,south_west
Lagos,2024-06-01,2.0,south_west
Lagos,2024-07-01,2.0,south_west
Lagos,2024-08-01,2.0,south_west
Lagos,2024-09-01,2.0,south_west
Lagos,2024-10-01,2.0,south_west
Lagos,2024-11-01,2.0,south_west
Lagos,2024-12-01,2.0,south_west
Lagos,2025-01-01,2.0,south_west
Lagos,2025-02-01,2.0,south_west
Lagos,2025-03-01,2.0,south_west
Lagos,2025-04-01,2.0,south_west
Lagos,2025-05-01,2.0,south_west
Lagos,2025-06-01,2.0,south_west
Lagos,2025-07-01,2.0,south_west
Lagos,2025-08-01,2.0,south_west
Lagos,2025-09-01,2.0,south_west
Lagos,2025-10-01,2.0,south_west
Lagos,2025-11-01,2.0,south_west
Lagos,2025-12-01,2.0,south_west
Nasarawa,2022-09-01,2.0,north_central
Nasarawa,2022-10-01,2.0,north_central
Nasarawa,2022-11-01,2.0,north_central
Nasarawa,2022-12-01,2.0,north_central
Nasarawa,2023-01-01,2.0,north_central
Nasarawa,2023-02-01,2.0,north_central
Nasarawa,2023-03-01,2.0,north_central
Nasarawa,2023-04-01,2.0,north_central
Nasarawa,2023-05-01,2.0,north_central
Nasarawa,2023-06-01,2.0,north_central
Nasarawa,2023-07-01,2.0,north_central
Nasarawa,2023-08-01,2.0,north_central
Nasarawa,2023-09-01,1.0,north_central
Nasarawa,2023-10-01,1.0,north_central
Nasarawa,2023-11-01,1.0,north_central
Nasarawa,2023-12-01,1.0,north_central
Nasarawa,2024-01-01,2.0,north_central
Nasarawa,2024-02-01,2.0,north_central
Nasarawa,2024-03-01,2.0,north_central
Nasarawa,2024-04-01,2.0,north_central
Nasarawa,2024-05-01,2.0,north_central
Nasarawa,2024-06-01,2.0,north_central
Nasarawa,2024-07-01,2.0,north_central
Nasarawa,2024-08-01,2.0,north_central
Nasarawa,2024-09-01,2.0,north_central
Nasarawa,2024-10-01,2.0,north_central
Nasarawa,2024-11-01,2.0,north_central
Nasarawa,2024-12-01,2.0,north_central
Nasarawa,2025-01-01,2.0,north_central
Nasarawa,2025-02-01,2.0,north_central
Nasarawa,2025-03-01,2.0,north_central
Nasarawa,2025-04-01,2.0,north_central
Nasarawa,2025-05-01,2.0,north_central
Nasarawa,2025-06-01,2.0,north_central
Nasarawa,2025-07-01,2.0,north_central
Nasarawa,2025-08-01,2.0,north_central
Nasarawa,2025-09-01,2.0,north_central
Nasarawa,2025-10-01,2.0,north_central
Nasarawa,2025-11-01,2.0,north_central
Nasarawa,2025-12-01,2.0,north_central
Niger,2016-09-01,1.0,north_central
Niger,2016-10-01,1.0,north_central
Niger,2016-11-01,1.0,north_central
Niger,2016-12-01,1.0,north_central
Niger,2017-01-01,1.0,north_central
Niger,2017-02-01,1.0,north_central
Niger,2017-03-01,1.0,north_central
Niger,2017-04-01,1.0,north_central
Niger,2017-05-01,1.0,north_central
Niger,2017-06-01,1.0,north_central
Niger,2017-07-01,1.0,north_central
Niger,2017-08-01,1.0,north_central
Niger,2017-09-01,1.0,north_central
Niger,2017-10-01,1.0,north_central
Niger,2017-11-01,1.0,north_central
Niger,2017-12-01,1.0,north_central
Niger,2018-01-01,1.0,north_central
Niger,2018-02-01,1.0,north_central
Niger,2018-03-01,1.0,north_central
Niger,2018-04-01,1.0,north_central
Niger,2018-05-01,1.0,north_central
Niger,2018-06-01,1.0,north_central
Niger,2018-07-01,1.0,north_central
Niger,2018-08-01,1.0,north_central
Niger,2018-09-01,1.0,north_central
Niger,2018-10-01,1.0,north_central
Niger,2018-11-01,1.0,north_central
Niger,2018-12-01,1.0,north_central
Niger,2019-01-01,1.0,north_central
Niger,2019-02-01,1.0,north_central
Niger,2019-03-01,1.0,north_central
Niger,2019-04-01,1.0,north_central
Niger,2019-05-01,1.0,north_central
Niger,2019-06-01,1.0,north_central
Niger,2019-07-01,1.0,north_central
Niger,2019-08-01,1.0,north_central
Niger,2019-09-01,1.0,north_central
Niger,2019-10-01,1.0,north_central
Niger,2019-11-01,1.0,north_central
Niger,2019-12-01,1.0,north_central
Niger,2020-01-01,1.0,north_central
Niger,2020-02-01,1.0,north_central
Niger,2020-03-01,1.0,north_central
Niger,2020-04-01,1.0,north_central
Niger,2020-05-01,1.0,north_central
Niger,2020-06-01,1.0,north_central
Niger,2020-07-01,1.0,north_central
Niger,2020-08-01,1.0,north_central
Niger,2020-09-01,2.0,north_central
Niger,2020-10-01,2.0,north_central
Niger,2020-11-01,2.0,north_central
Niger,2020-12-01,2.0,north_central
Niger,2021-01-01,3.0,north_central
Niger,2021-02-01,3.0,north_central
Niger,2021-03-01,3.0,north_central
Niger,2021-04-01,3.0,north_central
Niger,2021-05-01,3.0,north_central
Niger,2021-06-01,3.0,north_central
Niger,2021-07-01,3.0,north_central
Niger,2021-08-01,3.0,north_central
Niger,2021-09-01,2.0,north_central
Niger,2021-10-01,2.0,north_central
Niger,2021-11-01,2.0,north_central
Niger,2021-12-01,2.0,north_central
Niger,2022-01-01,2.0,north_central
Niger,2022-02-01,2.0,north_central
Niger,2022-03-01,2.0,north_central
Niger,2022-04-01,2.0,north_central
Niger,2022-05-01,2.0,north_central
Niger,2022-06-01,2.0,north_central
Niger,2022-07-01,2.0,north_central
Niger,2022-08-01,2.0,north_central
Niger,2022-09-01,2.0,north_central
Niger,2022-10-01,2.0,north_central
Niger,2022-11-01,2.0,north_central
Niger,2022-12-01,2.0,north_central
Niger,2023-01-01,2.0,north_central
Niger,2023-02-01,2.0,north_central
Niger,2023-03-01,2.0,north_central
Niger,2023-04-01,2.0,north_central
Niger,2023-05-01,2.0,north_central
Niger,2023-06-01,2.0,north_central
Niger,2023-07-01,2.0,north_central
Niger,2023-08-01,2.0,north_central
Niger,2023-09-01,2.0,north_central
Niger,2023-10-01,2.0,north_central
Niger,2023-11-01,2.0,north_central
Niger,2023-12-01,2.0,north_central
Niger,2024-01-01,2.0,north_central
Niger,2024-02-01,2.0,north_central
Niger,2024-03-01,2.0,north_central
Niger,2024-04-01,2.0,north_central
Niger,2024-05-01,2.0,north_central
Niger,2024-06-01,2.0,north_central
Niger,2024-07-01,2.0,north_central
Niger,2024-08-01,2.0,north_central
Niger,2024-09-01,3.0,north_central
Niger,2024-10-01,3.0,north_central
Niger,2024-11-01,3.0,north_central
Niger,2024-12-01,3.0,north_central
Niger,2025-01-01,2.0,north_central
Niger,2025-02-01,2.0,north_central
Niger,2025-03-01,2.0,north_central
Niger,2025-04-01,2.0,north_central
Niger,2025-05-01,2.0,north_central
Niger,2025-06-01,2.0,north_central
Niger,2025-07-01,2.0,north_central
Niger,2025-08-01,2.0,north_central
Niger,2025-09-01,2.0,north_central
Niger,2025-10-01,2.0,north_central
Niger,2025-11-01,2.0,north_central
Niger,2025-12-01,2.0,north_central
Ogun,2022-09-01,1.0,south_west
Ogun,2022-10-01,1.0,south_west
Ogun,2022-11-01,1.0,south_west
Ogun,2022-12-01,1.0,south_west
Ogun,2023-01-01,2.0,south_west
Ogun,2023-02-01,2.0,south_west
Ogun,2023-03-01,2.0,south_west
Ogun,2023-04-01,2.0,south_west
Ogun,2023-05-01,2.0,south_west
Ogun,2023-06-01,2.0,south_west
Ogun,2023-07-01,2.0,south_west
Ogun,2023-08-01,2.0,south_west
Ogun,2023-09-01,1.0,south_west
Ogun,2023-10-01,1.0,south_west
Ogun,2023-11-01,1.0,south_west
Ogun,2023-12-01,1.0,south_west
Ogun,2024-01-01,2.0,south_west
Ogun,2024-02-01,2.0,south_west
Ogun,2024-03-01,2.0,south_west
Ogun,2024-04-01,2.0,south_west
Ogun,2024-05-01,2.0,south_west
Ogun,2024-06-01,2.0,south_west
Ogun,2024-07-01,2.0,south_west
Ogun,2024-08-01,2.0,south_west
Ogun,2024-09-01,2.0,south_west
Ogun,2024-10-01,2.0,south_west
Ogun,2024-11-01,2.0,south_west
Ogun,2024-12-01,2.0,south_west
Ogun,2025-01-01,2.0,south_west
Ogun,2025-02-01,2.0,south_west
Ogun,2025-03-01,2.0,south_west
Ogun,2025-04-01,2.0,south_west
Ogun,2025-05-01,2.0,south_west
Ogun,2025-06-01,2.0,south_west
Ogun,2025-07-01,2.0,south_west
Ogun,2025-08-01,2.0,south_west
Ogun,2025-09-01,2.0,south_west
Ogun,2025-10-01,2.0,south_west
Ogun,2025-11-01,2.0,south_west
Ogun,2025-12-01,2.0,south_west
Plateau,2016-09-01,2.0,north_central
Plateau,2016-10-01,2.0,north_central
Plateau,2016-11-01,2.0,north_central
Plateau,2016-12-01,2.0,north_central
Plateau,2017-01-01,2.0,north_central
Plateau,2017-02-01,2.0,north_central
Plateau,2017-03-01,2.0,north_central
Plateau,2017-04-01,2.0,north_central
Plateau,2017-05-01,2.0,north_central
Plateau,2017-06-01,2.0,north_central
Plateau,2017-07-01,2.0,north_central
Plateau,2017-08-01,2.0,north_central
Plateau,2017-09-01,1.0,north_central
Plateau,2017-10-01,1.0,north_central
Plateau,2017-11-01,1.0,north_central
Plateau,2017-12-01,1.0,north_central
Plateau,2018-01-01,1.0,north_central
Plateau,2018-02-01,1.0,north_central
Plateau,2018-03-01,1.0,north_central
Plateau,2018-04-01,1.0,north_central
Plateau,2018-05-01,1.0,north_central
Plateau,2018-06-01,1.0,north_central
Plateau,2018-07-01,1.0,north_central
Plateau,2018-08-01,1.0,north_central
Plateau,2018-09-01,1.0,north_central
Plateau,2018-10-01,1.0,north_central
Plateau,2018-11-01,1.0,north_central
Plateau,2018-12-01,1.0,north_central
Plateau,2019-01-01,2.0,north_central
Plateau,2019-02-01,2.0,north_central
Plateau,2019-03-01,2.0,north_central
Plateau,2019-04-01,2.0,north_central
Plateau,2019-05-01,2.0,north_central
Plateau,2019-06-01,2.0,north_central
Plateau,2019-07-01,2.0,north_central
Plateau,2019-08-01,2.0,north_central
Plateau,2019-09-01,1.0,north_central
Plateau,2019-10-01,1.0,north_central
Plateau,2019-11-01,1.0,north_central
Plateau,2019-12-01,1.0,north_central
Plateau,2020-01-01,1.0,north_central
Plateau,2020-02-01,1.0,north_central
Plateau,2020-03-01,1.0,north_central
Plateau,2020-04-01,1.0,north_central
Plateau,2020-05-01,1.0,north_central
Plateau,2020-06-01,1.0,north_central
Plateau,2020-07-01,1.0,north_central
Plateau,2020-08-01,1.0,north_central
Plateau,2020-09-01,2.0,north_central
Plateau,2020-10-01,2.0,north_central
Plateau,2020-11-01,2.0,north_central
Plateau,2020-12-01,2.0,north_central
Plateau,2021-01-01,2.0,north_central
Plateau,2021-02-01,2.0,north_central
Plateau,2021-03-01,2.0,north_central
Plateau,2021-04-01,2.0,north_central
Plateau,2021-05-01,2.0,north_central
Plateau,2021-06-01,2.0,north_central
Plateau,2021-07-01,2.0,north_central
Plateau,2021-08-01,2.0,north_central
Plateau,2021-09-01,2.0,north_central
Plateau,2021-10-01,2.0,north_central
Plateau,2021-11-01,2.0,north_central
Plateau,2021-12-01,2.0,north_central
Plateau,2022-01-01,2.0,north_central
Plateau,2022-02-01,2.0,north_central
Plateau,2022-03-01,2.0,north_central
Plateau,2022-04-01,2.0,north_central
Plateau,2022-05-01,2.0,north_central
Plateau,2022-06-01,2.0,north_central
Plateau,2022-07-01,2.0,north_central
Plateau,2022-08-01,2.0,north_central
Plateau,2022-09-01,2.0,north_central
Plateau,2022-10-01,2.0,north_central
Plateau,2022-11-01,2.0,north_central
Plateau,2022-12-01,2.0,north_central
Plateau,2023-01-01,2.0,north_central
Plateau,2023-02-01,2.0,north_central
Plateau,2023-03-01,2.0,north_central
Plateau,2023-04-01,2.0,north_central
Plateau,2023-05-01,2.0,north_central
Plateau,2023-06-01,2.0,north_central
Plateau,2023-07-01,2.0,north_central
Plateau,2023-08-01,2.0,north_central
Plateau,2023-09-01,2.0,north_central
Plateau,2023-10-01,2.0,north_central
Plateau,2023-11-01,2.0,north_central
Plateau,2023-12-01,2.0,north_central
Plateau,2024-01-01,2.0,north_central
Plateau,2024-02-01,2.0,north_central
Plateau,2024-03-01,2.0,north_central
Plateau,2024-04-01,2.0,north_central
Plateau,2024-05-01,2.0,north_central
Plateau,2024-06-01,2.0,north_central
Plateau,2024-07-01,2.0,north_central
Plateau,2024-08-01,2.0,north_central
Plateau,2024-09-01,2.0,north_central
Plateau,2024-10-01,2.0,north_central
Plateau,2024-11-01,2.0,north_central
Plateau,2024-12-01,2.0,north_central
Plateau,2025-01-01,2.0,north_central
Plateau,2025-02-01,2.0,north_central
Plateau,2025-03-01,2.0,north_central
Plateau,2025-04-01,2.0,north_central
Plateau,2025-05-01,2.0,north_central
Plateau,2025-06-01,2.0,north_central
Plateau,2025-07-01,2.0,north_central
Plateau,2025-08-01,2.0,north_central
Plateau,2025-09-01,2.0,north_central
Plateau,2025-10-01,2.0,north_central
Plateau,2025-11-01,2.0,north_central
Plateau,2025-12-01,2.0,north_central
Rivers,2022-09-01,2.0,south_south
Rivers,2022-10-01,2.0,south_south
Rivers,2022-11-01,2.0,south_south
Rivers,2022-12-01,2.0,south_south
Rivers,2023-01-01,1.0,south_south
Rivers,2023-02-01,1.0,south_south
Rivers,2023-03-01,1.0,south_south
Rivers,2023-04-01,1.0,south_south
Rivers,2023-05-01,1.0,south_south
Rivers,2023-06-01,1.0,south_south
Rivers,2023-07-01,1.0,south_south
Rivers,2023-08-01,1.0,south_south
Rivers,2023-09-01,1.0,south_south
Rivers,2023-10-01,1.0,south_south
Rivers,2023-11-01,1.0,south_south
Rivers,2023-12-01,1.0,south_south
Rivers,2024-01-01,2.0,south_south
Rivers,2024-02-01,2.0,south_south
Rivers,2024-03-01,2.0,south_south
Rivers,2024-04-01,2.0,south_south
Rivers,2024-05-01,2.0,south_south
Rivers,2024-06-01,2.0,south_south
Rivers,2024-07-01,2.0,south_south
Rivers,2024-08-01,2.0,south_south
Rivers,2024-09-01,2.0,south_south
Rivers,2024-10-01,2.0,south_south
Rivers,2024-11-01,2.0,south_south
Rivers,2024-12-01,2.0,south_south
Rivers,2025-01-01,2.0,south_south
Rivers,2025-02-01,2.0,south_south
Rivers,2025-03-01,2.0,south_south
Rivers,2025-04-01,2.0,south_south
Rivers,2025-05-01,2.0,south_south
Rivers,2025-06-01,2.0,south_south
Rivers,2025-07-01,2.0,south_south
Rivers,2025-08-01,2.0,south_south
Rivers,2025-09-01,2.0,south_south
Rivers,2025-10-01,2.0,south_south
Rivers,2025-11-01,2.0,south_south
Rivers,2025-12-01,2.0,south_south
Sokoto,2015-09-01,2.0,north_west
Sokoto,2015-10-01,2.0,north_west
Sokoto,2015-11-01,2.0,north_west
Sokoto,2015-12-01,2.0,north_west
Sokoto,2016-01-01,2.0,north_west
Sokoto,2016-02-01,2.0,north_west
Sokoto,2016-03-01,2.0,north_west
Sokoto,2016-04-01,2.0,north_west
Sokoto,2016-05-01,2.0,north_west
Sokoto,2016-06-01,2.0,north_west
Sokoto,2016-07-01,2.0,north_west
Sokoto,2016-08-01,2.0,north_west
Sokoto,2016-09-01,2.0,north_west
Sokoto,2016-10-01,2.0,north_west
Sokoto,2016-11-01,2.0,north_west
Sokoto,2016-12-01,2.0,north_west
Sokoto,2017-01-01,1.0,north_west
Sokoto,2017-02-01,1.0,north_west
Sokoto,2017-03-01,1.0,north_west
Sokoto,2017-04-01,1.0,north_west
Sokoto,2017-05-01,1.0,north_west
Sokoto,2017-06-01,1.0,north_west
Sokoto,2017-07-01,1.0,north_west
Sokoto,2017-08-01,1.0,north_west
Sokoto,2017-09-01,1.0,north_west
Sokoto,2017-10-01,1.0,north_west
Sokoto,2017-11-01,1.0,north_west
Sokoto,2017-12-01,1.0,north_west
Sokoto,2018-01-01,1.0,north_west
Sokoto,2018-02-01,1.0,north_west
Sokoto,2018-03-01,1.0,north_west
Sokoto,2018-04-01,1.0,north_west
Sokoto,2018-05-01,1.0,north_west
Sokoto,2018-06-01,1.0,north_west
Sokoto,2018-07-01,1.0,north_west
Sokoto,2018-08-01,1.0,north_west
Sokoto,2018-09-01,1.0,north_west
Sokoto,2018-10-01,1.0,north_west
Sokoto,2018-11-01,1.0,north_west
Sokoto,2018-12-01,1.0,north_west
Sokoto,2019-01-01,1.0,north_west
Sokoto,2019-02-01,1.0,north_west
Sokoto,2019-03-01,1.0,north_west
Sokoto,2019-04-01,1.0,north_west
Sokoto,2019-05-01,1.0,north_west
Sokoto,2019-06-01,1.0,north_west
Sokoto,2019-09-01,1.0,north_west
Sokoto,2019-10-01,1.0,north_west
Sokoto,2019-11-01,1.0,north_west
Sokoto,2019-12-01,1.0,north_west
Sokoto,2020-01-01,1.0,north_west
Sokoto,2020-02-01,1.0,north_west
Sokoto,2020-03-01,1.0,north_west
Sokoto,2020-04-01,1.0,north_west
Sokoto,2020-05-01,1.0,north_west
Sokoto,2020-06-01,1.0,north_west
Sokoto,2020-07-01,1.0,north_west
Sokoto,2020-08-01,1.0,north_west
Sokoto,2020-09-01,2.0,north_west
Sokoto,2020-10-01,2.0,north_west
Sokoto,2020-11-01,2.0,north_west
Sokoto,2020-12-01,2.0,north_west
Sokoto,2021-01-01,3.0,north_west
Sokoto,2021-02-01,3.0,north_west
Sokoto,2021-03-01,3.0,north_west
Sokoto,2021-04-01,3.0,north_west
Sokoto,2021-05-01,3.0,north_west
Sokoto,2021-06-01,3.0,north_west
Sokoto,2021-07-01,3.0,north_west
Sokoto,2021-08-01,3.0,north_west
Sokoto,2021-09-01,2.0,north_west
Sokoto,2021-10-01,2.0,north_west
Sokoto,2021-11-01,2.0,north_west
Sokoto,2021-12-01,2.0,north_west
Sokoto,2022-01-01,3.0,north_west
Sokoto,2022-02-01,3.0,north_west
Sokoto,2022-03-01,3.0,north_west
Sokoto,2022-04-01,3.0,north_west
Sokoto,2022-05-01,3.0,north_west
Sokoto,2022-06-01,3.0,north_west
Sokoto,2022-07-01,3.0,north_west
Sokoto,2022-08-01,3.0,north_west
Sokoto,2022-09-01,3.0,north_west
Sokoto,2022-10-01,3.0,north_west
Sokoto,2022-11-01,3.0,north_west
Sokoto,2022-12-01,3.0,north_west
Sokoto,2023-01-01,3.0,north_west
Sokoto,2023-02-01,3.0,north_west
Sokoto,2023-03-01,3.0,north_west
Sokoto,2023-04-01,3.0,north_west
Sokoto,2023-05-01,3.0,north_west
Sokoto,2023-06-01,3.0,north_west
Sokoto,2023-07-01,3.0,north_west
Sokoto,2023-08-01,3.0,north_west
Sokoto,2023-09-01,3.0,north_west
Sokoto,2023-10-01,3.0,north_west
Sokoto,2023-11-01,3.0,north_west
Sokoto,2023-12-01,3.0,north_west
Sokoto,2024-01-01,3.0,north_west
Sokoto,2024-02-01,3.0,north_west
Sokoto,2024-03-01,3.0,north_west
Sokoto,2024-04-01,3.0,north_west
Sokoto,2024-05-01,3.0,north_west
Sokoto,2024-06-01,3.0,north_west
Sokoto,2024-07-01,3.0,north_west
Sokoto,2024-08-01,3.0,north_west
Sokoto,2024-09-01,3.0,north_west
Sokoto,2024-10-01,3.0,north_west
Sokoto,2024-11-01,3.0,north_west
Sokoto,2024-12-01,3.0,north_west
Sokoto,2025-01-01,3.0,north_west
Sokoto,2025-02-01,3.0,north_west
Sokoto,2025-03-01,3.0,north_west
Sokoto,2025-04-01,3.0,north_west
Sokoto,2025-05-01,3.0,north_west
Sokoto,2025-06-01,3.0,north_west
Sokoto,2025-07-01,3.0,north_west
Sokoto,2025-08-01,3.0,north_west
Sokoto,2025-09-01,3.0,north_west
Sokoto,2025-10-01,3.0,north_west
Sokoto,2025-11-01,3.0,north_west
Sokoto,2025-12-01,3.0,north_west
Taraba,2016-09-01,1.0,north_east
Taraba,2016-10-01,1.0,north_east
Taraba,2016-11-01,1.0,north_east
Taraba,2016-12-01,1.0,north_east
Taraba,2017-01-01,1.0,north_east
Taraba,2017-02-01,1.0,north_east
Taraba,2017-03-01,1.0,north_east
Taraba,2017-04-01,1.0,north_east
Taraba,2017-05-01,1.0,north_east
Taraba,2017-06-01,1.0,north_east
Taraba,2017-07-01,1.0,north_east
Taraba,2017-08-01,1.0,north_east
Taraba,2017-09-01,1.0,north_east
Taraba,2017-10-01,1.0,north_east
Taraba,2017-11-01,1.0,north_east
Taraba,2017-12-01,1.0,north_east
Taraba,2018-01-01,1.0,north_east
Taraba,2018-02-01,1.0,north_east
Taraba,2018-03-01,1.0,north_east
Taraba,2018-04-01,1.0,north_east
Taraba,2018-05-01,1.0,north_east
Taraba,2018-06-01,1.0,north_east
Taraba,2018-07-01,1.0,north_east
Taraba,2018-08-01,1.0,north_east
Taraba,2018-09-01,1.0,north_east
Taraba,2018-10-01,1.0,north_east
Taraba,2018-11-01,1.0,north_east
Taraba,2018-12-01,1.0,north_east
Taraba,2019-01-01,1.0,north_east
Taraba,2019-02-01,1.0,north_east
Taraba,2019-03-01,1.0,north_east
Taraba,2019-04-01,1.0,north_east
Taraba,2019-05-01,1.0,north_east
Taraba,2019-06-01,1.0,north_east
Taraba,2019-07-01,1.0,north_east
Taraba,2019-08-01,1.0,north_east
Taraba,2019-09-01,1.0,north_east
Taraba,2019-10-01,1.0,north_east
Taraba,2019-11-01,1.0,north_east
Taraba,2019-12-01,1.0,north_east
Taraba,2020-01-01,1.0,north_east
Taraba,2020-02-01,1.0,north_east
Taraba,2020-03-01,1.0,north_east
Taraba,2020-04-01,1.0,north_east
Taraba,2020-05-01,1.0,north_east
Taraba,2020-06-01,1.0,north_east
Taraba,2020-07-01,1.0,north_east
Taraba,2020-08-01,1.0,north_east
Taraba,2020-09-01,1.0,north_east
Taraba,2020-10-01,1.0,north_east
Taraba,2020-11-01,1.0,north_east
Taraba,2020-12-01,1.0,north_east
Taraba,2021-01-01,1.0,north_east
Taraba,2021-02-01,1.0,north_east
Taraba,2021-03-01,1.0,north_east
Taraba,2021-04-01,1.0,north_east
Taraba,2021-05-01,1.0,north_east
Taraba,2021-06-01,1.0,north_east
Taraba,2021-09-01,1.0,north_east
Taraba,2021-10-01,1.0,north_east
Taraba,2021-11-01,1.0,north_east
Taraba,2021-12-01,1.0,north_east
Taraba,2022-01-01,2.0,north_east
Taraba,2022-02-01,2.0,north_east
Taraba,2022-03-01,2.0,north_east
Taraba,2022-04-01,2.0,north_east
Taraba,2022-05-01,2.0,north_east
Taraba,2022-06-01,2.0,north_east
Taraba,2022-07-01,2.0,north_east
Taraba,2022-08-01,2.0,north_east
Taraba,2022-09-01,3.0,north_east
Taraba,2022-10-01,3.0,north_east
Taraba,2022-11-01,3.0,north_east
Taraba,2022-12-01,3.0,north_east
Taraba,2023-01-01,2.0,north_east
Taraba,2023-02-01,2.0,north_east
Taraba,2023-03-01,2.0,north_east
Taraba,2023-04-01,2.0,north_east
Taraba,2023-05-01,2.0,north_east
Taraba,2023-06-01,2.0,north_east
Taraba,2023-07-01,2.0,north_east
Taraba,2023-08-01,2.0,north_east
Taraba,2023-09-01,2.0,north_east
Taraba,2023-10-01,2.0,north_east
Taraba,2023-11-01,2.0,north_east
Taraba,2023-12-01,2.0,north_east
Taraba,2024-01-01,2.0,north_east
Taraba,2024-02-01,2.0,north_east
Taraba,2024-03-01,2.0,north_east
Taraba,2024-04-01,2.0,north_east
Taraba,2024-05-01,2.0,north_east
Taraba,2024-06-01,2.0,north_east
Taraba,2024-07-01,2.0,north_east
Taraba,2024-08-01,2.0,north_east
Taraba,2024-09-01,2.0,north_east
Taraba,2024-10-01,2.0,north_east
Taraba,2024-11-01,2.0,north_east
Taraba,2024-12-01,2.0,north_east
Taraba,2025-01-01,2.0,north_east
Taraba,2025-02-01,2.0,north_east
Taraba,2025-03-01,2.0,north_east
Taraba,2025-04-01,2.0,north_east
Taraba,2025-05-01,2.0,north_east
Taraba,2025-06-01,2.0,north_east
Taraba,2025-07-01,2.0,north_east
Taraba,2025-08-01,2.0,north_east
Taraba,2025-09-01,2.0,north_east
Taraba,2025-10-01,2.0,north_east
Taraba,2025-11-01,2.0,north_east
Taraba,2025-12-01,2.0,north_east
Yobe,2015-09-01,3.0,north_east
Yobe,2015-10-01,3.0,north_east
Yobe,2015-11-01,3.0,north_east
Yobe,2015-12-01,3.0,north_east
Yobe,2016-01-01,3.0,north_east
Yobe,2016-02-01,3.0,north_east
Yobe,2016-03-01,3.0,north_east
Yobe,2016-04-01,3.0,north_east
Yobe,2016-05-01,3.0,north_east
Yobe,2016-06-01,3.0,north_east
Yobe,2016-07-01,3.0,north_east
Yobe,2016-08-01,3.0,north_east
Yobe,2016-09-01,4.0,north_east
Yobe,2016-10-01,4.0,north_east
Yobe,2016-11-01,4.0,north_east
Yobe,2016-12-01,4.0,north_east
Yobe,2017-01-01,3.0,north_east
Yobe,2017-02-01,3.0,north_east
Yobe,2017-03-01,3.0,north_east
Yobe,2017-04-01,3.0,north_east
Yobe,2017-05-01,3.0,north_east
Yobe,2017-06-01,3.0,north_east
Yobe,2017-07-01,3.0,north_east
Yobe,2017-08-01,3.0,north_east
Yobe,2017-09-01,3.0,north_east
Yobe,2017-10-01,3.0,north_east
Yobe,2017-11-01,3.0,north_east
Yobe,2017-12-01,3.0,north_east
Yobe,2018-01-01,3.0,north_east
Yobe,2018-02-01,3.0,north_east
Yobe,2018-03-01,3.0,north_east
Yobe,2018-04-01,3.0,north_east
Yobe,2018-05-01,3.0,north_east
Yobe,2018-06-01,3.0,north_east
Yobe,2018-07-01,3.0,north_east
Yobe,2018-08-01,3.0,north_east
Yobe,2018-09-01,3.0,north_east
Yobe,2018-10-01,3.0,north_east
Yobe,2018-11-01,3.0,north_east
Yobe,2018-12-01,3.0,north_east
Yobe,2019-01-01,3.0,north_east
Yobe,2019-02-01,3.0,north_east
Yobe,2019-03-01,3.0,north_east
Yobe,2019-04-01,3.0,north_east
Yobe,2019-05-01,3.0,north_east
Yobe,2019-06-01,3.0,north_east
Yobe,2019-09-01,3.0,north_east
Yobe,2019-10-01,3.0,north_east
Yobe,2019-11-01,3.0,north_east
Yobe,2019-12-01,3.0,north_east
Yobe,2020-01-01,3.0,north_east
Yobe,2020-02-01,3.0,north_east
Yobe,2020-03-01,3.0,north_east
Yobe,2020-04-01,3.0,north_east
Yobe,2020-05-01,3.0,north_east
Yobe,2020-06-01,3.0,north_east
Yobe,2020-07-01,3.0,north_east
Yobe,2020-08-01,3.0,north_east
Yobe,2020-09-01,3.0,north_east
Yobe,2020-10-01,3.0,north_east
Yobe,2020-11-01,3.0,north_east
Yobe,2020-12-01,3.0,north_east
Yobe,2021-01-01,3.0,north_east
Yobe,2021-02-01,3.0,north_east
Yobe,2021-03-01,3.0,north_east
Yobe,2021-04-01,3.0,north_east
Yobe,2021-05-01,3.0,north_east
Yobe,2021-06-01,3.0,north_east
Yobe,2021-07-01,3.0,north_east
Yobe,2021-08-01,3.0,north_east
Yobe,2021-09-01,3.0,north_east
Yobe,2021-10-01,3.0,north_east
Yobe,2021-11-01,3.0,north_east
Yobe,2021-12-01,3.0,north_east
Yobe,2022-01-01,3.0,north_east
Yobe,2022-02-01,3.0,north_east
Yobe,2022-03-01,3.0,north_east
Yobe,2022-04-01,3.0,north_east
Yobe,2022-05-01,3.0,north_east
Yobe,2022-06-01,3.0,north_east
Yobe,2022-07-01,3.0,north_east
Yobe,2022-08-01,3.0,north_east
Yobe,2022-09-01,3.0,north_east
Yobe,2022-10-01,3.0,north_east
Yobe,2022-11-01,3.0,north_east
Yobe,2022-12-01,3.0,north_east
Yobe,2023-01-01,3.0,north_east
Yobe,2023-02-01,3.0,north_east
Yobe,2023-03-01,3.0,north_east
Yobe,2023-04-01,3.0,north_east
Yobe,2023-05-01,3.0,north_east
Yobe,2023-06-01,3.0,north_east
Yobe,2023-07-01,3.0,north_east
Yobe,2023-08-01,3.0,north_east
Yobe,2023-09-01,3.0,north_east
Yobe,2023-10-01,3.0,north_east
Yobe,2023-11-01,3.0,north_east
Yobe,2023-12-01,3.0,north_east
Yobe,2024-01-01,3.0,north_east
Yobe,2024-02-01,3.0,north_east
Yobe,2024-03-01,3.0,north_east
Yobe,2024-04-01,3.0,north_east
Yobe,2024-05-01,3.0,north_east
Yobe,2024-06-01,3.0,north_east
Yobe,2024-07-01,3.0,north_east
Yobe,2024-08-01,3.0,north_east
Yobe,2024-09-01,3.0,north_east
Yobe,2024-10-01,3.0,north_east
Yobe,2024-11-01,3.0,north_east
Yobe,2024-12-01,3.0,north_east
Yobe,2025-01-01,3.0,north_east
Yobe,2025-02-01,3.0,north_east
Yobe,2025-03-01,3.0,north_east
Yobe,2025-04-01,3.0,north_east
Yobe,2025-05-01,3.0,north_east
Yobe,2025-06-01,3.0,north_east
Yobe,2025-07-01,3.0,north_east
Yobe,2025-08-01,3.0,north_east
Yobe,2025-09-01,3.0,north_east
Yobe,2025-10-01,3.0,north_east
Yobe,2025-11-01,3.0,north_east
Yobe,2025-12-01,3.0,north_east
Zamfara,2015-09-01,1.0,north_west
Zamfara,2015-10-01,1.0,north_west
Zamfara,2015-11-01,1.0,north_west
Zamfara,2015-12-01,1.0,north_west
Zamfara,2016-01-01,2.0,north_west
Zamfara,2016-02-01,2.0,north_west
Zamfara,2016-03-01,2.0,north_west
Zamfara,2016-04-01,2.0,north_west
Zamfara,2016-05-01,2.0,north_west
Zamfara,2016-06-01,2.0,north_west
Zamfara,2016-07-01,2.0,north_west
Zamfara,2016-08-01,2.0,north_west
Zamfara,2016-09-01,2.0,north_west
Zamfara,2016-10-01,2.0,north_west
Zamfara,2016-11-01,2.0,north_west
Zamfara,2016-12-01,2.0,north_west
Zamfara,2017-01-01,1.0,north_west
Zamfara,2017-02-01,1.0,north_west
Zamfara,2017-03-01,1.0,north_west
Zamfara,2017-04-01,1.0,north_west
Zamfara,2017-05-01,1.0,north_west
Zamfara,2017-06-01,1.0,north_west
Zamfara,2017-07-01,1.0,north_west
Zamfara,2017-08-01,1.0,north_west
Zamfara,2017-09-01,1.0,north_west
Zamfara,2017-10-01,1.0,north_west
Zamfara,2017-11-01,1.0,north_west
Zamfara,2017-12-01,1.0,north_west
Zamfara,2018-01-01,1.0,north_west
Zamfara,2018-02-01,1.0,north_west
Zamfara,2018-03-01,1.0,north_west
Zamfara,2018-04-01,1.0,north_west
Zamfara,2018-05-01,1.0,north_west
Zamfara,2018-06-01,1.0,north_west
Zamfara,2018-07-01,1.0,north_west
Zamfara,2018-08-01,1.0,north_west
Zamfara,2018-09-01,1.0,north_west
Zamfara,2018-10-01,1.0,north_west
Zamfara,2018-11-01,1.0,north_west
Zamfara,2018-12-01,1.0,north_west
Zamfara,2019-01-01,1.0,north_west
Zamfara,2019-02-01,1.0,north_west
Zamfara,2019-03-01,1.0,north_west
Zamfara,2019-04-01,1.0,north_west
Zamfara,2019-05-01,1.0,north_west
Zamfara,2019-06-01,1.0,north_west
Zamfara,2019-07-01,1.0,north_west
Zamfara,2019-08-01,1.0,north_west
Zamfara,2019-09-01,1.0,north_west
Zamfara,2019-10-01,1.0,north_west
Zamfara,2019-11-01,1.0,north_west
Zamfara,2019-12-01,1.0,north_west
Zamfara,2020-01-01,2.0,north_west
Zamfara,2020-02-01,2.0,north_west
Zamfara,2020-03-01,2.0,north_west
Zamfara,2020-04-01,2.0,north_west
Zamfara,2020-05-01,2.0,north_west
Zamfara,2020-06-01,3.0,north_west
Zamfara,2020-07-01,3.0,north_west
Zamfara,2020-08-01,3.0,north_west
Zamfara,2020-09-01,3.0,north_west
Zamfara,2020-10-01,3.0,north_west
Zamfara,2020-11-01,3.0,north_west
Zamfara,2020-12-01,3.0,north_west
Zamfara,2021-01-01,2.0,north_west
Zamfara,2021-02-01,2.0,north_west
Zamfara,2021-03-01,2.0,north_west
Zamfara,2021-04-01,2.0,north_west
Zamfara,2021-05-01,2.0,north_west
Zamfara,2021-06-01,2.0,north_west
Zamfara,2021-07-01,2.0,north_west
Zamfara,2021-08-01,2.0,north_west
Zamfara,2021-09-01,2.0,north_west
Zamfara,2021-10-01,2.0,north_west
Zamfara,2021-11-01,2.0,north_west
Zamfara,2021-12-01,2.0,north_west
Zamfara,2022-01-01,3.0,north_west
Zamfara,2022-02-01,3.0,north_west
Zamfara,2022-03-01,3.0,north_west
Zamfara,2022-04-01,3.0,north_west
Zamfara,2022-05-01,3.0,north_west
Zamfara,2022-06-01,3.0,north_west
Zamfara,2022-07-01,3.0,north_west
Zamfara,2022-08-01,3.0,north_west
Zamfara,2022-09-01,3.0,north_west
Zamfara,2022-10-01,3.0,north_west
Zamfara,2022-11-01,3.0,north_west
Zamfara,2022-12-01,3.0,north_west
Zamfara,2023-01-01,3.0,north_west
Zamfara,2023-02-01,3.0,north_west
Zamfara,2023-03-01,3.0,north_west
Zamfara,2023-04-01,3.0,north_west
Zamfara,2023-05-01,3.0,north_west
Zamfara,2023-06-01,3.0,north_west
Zamfara,2023-07-01,3.0,north_west
Zamfara,2023-08-01,3.0,north_west
Zamfara,2023-09-01,3.0,north_west
Zamfara,2023-10-01,3.0,north_west
Zamfara,2023-11-01,3.0,north_west
Zamfara,2023-12-01,3.0,north_west
Zamfara,2024-01-01,3.0,north_west
Zamfara,2024-02-01,3.0,north_west
Zamfara,2024-03-01,3.0,north_west
Zamfara,2024-04-01,3.0,north_west
Zamfara,2024-05-01,3.0,north_west
Zamfara,2024-06-01,3.0,north_west
Zamfara,2024-07-01,3.0,north_west
Zamfara,2024-08-01,3.0,north_west
Zamfara,2024-09-01,3.0,north_west
Zamfara,2024-10-01,3.0,north_west
Zamfara,2024-11-01,3.0,north_west
Zamfara,2024-12-01,3.0,north_west
Zamfara,2025-01-01,3.0,north_west
Zamfara,2025-02-01,3.0,north_west
Zamfara,2025-03-01,3.0,north_west
Zamfara,2025-04-01,3.0,north_west
Zamfara,2025-05-01,3.0,north_west
Zamfara,2025-06-01,3.0,north_west
Zamfara,2025-07-01,3.0,north_west
Zamfara,2025-08-01,3.0,north_west
Zamfara,2025-09-01,3.0,north_west
Zamfara,2025-10-01,3.0,north_west
Zamfara,2025-11-01,3.0,north_west
Zamfara,2025-12-01,3.0,north_west
