horizon,model,weighted_kappa,ci_lower_95,ci_upper_95,kappa_on_changed_rows
3,Ensemble (averaged),0.7907178727716102,0.7535605590667288,0.8253784590991261,0.3185185185185185
3,Logistic Regression,0.7527861843685449,0.7122945241287979,0.7858767442400741,0.3097773475314617
3,Random Forest,0.6792256287573161,0.6332898982936183,0.7146389578378184,0.1811518324607329
3,XGBoost,0.7861911229279385,0.7490042041131976,0.8222311169445173,0.2889263631253513
3,LSTM,0.6930564619331221,0.64625553140754,0.7388343475581388,0.4140127388535032
3,Ensemble (XGBoost meta-learner),0.7647225129331938,0.7219741972154883,0.7991841721689705,0.1691297208538588
6,Ensemble (averaged),0.65339758435543,0.6040970501037055,0.6941921686688342,0.1584327086882454
6,Logistic Regression,0.6205110334629911,0.5710408001993464,0.6623125036114563,0.3123008285532185
6,Random Forest,0.5261181690412544,0.4773878697678586,0.5685867507231945,0.1241379310344827
6,XGBoost,0.5754322319767421,0.5241469261266479,0.6255895504903004,0.2335432169433314
6,LSTM,0.4933728950232124,0.433326108732979,0.5501703157320861,0.3418803418803419
6,Ensemble (XGBoost meta-learner),0.4574334994565106,0.4179381065551183,0.494156890868475,0.2404741744284505
